Tarih,Fiyat
,20.12.2024
20.12.2024,"2.968,366"
19.12.2024,"2.931,585"
18.12.2024,"2.916,818"
17.12.2024,"2.980,238"
16.12.2024,"2.980,698"
13.12.2024,"2.977,166"
12.12.2024,"3.012,629"
11.12.2024,"3.049,227"
10.12.2024,"3.021,640"
09.12.2024,"2.979,534"
06.12.2024,"2.942,141"
05.12.2024,"2.944,466"
04.12.2024,"2.960,537"
03.12.2024,"2.953,185"
02.12.2024,"2.952,173"
29.11.2024,"2.960,506"
28.11.2024,"2.941,416"
27.11.2024,"2.937,040"
26.11.2024,"2.932,286"
25.11.2024,"2.905,341"
22.11.2024,"3.019,618"
21.11.2024,"2.963,414"
20.11.2024,"2.940,974"
19.11.2024,"2.922,964"
18.11.2024,"2.904,343"
15.11.2024,"2.837,499"
14.11.2024,"2.842,970"
13.11.2024,"2.840,029"
12.11.2024,"2.872,468"
11.11.2024,"2.896,484"
08.11.2024,"2.965,855"
07.11.2024,"2.990,140"
06.11.2024,"2.929,464"
05.11.2024,"3.027,162"
04.11.2024,"3.022,082"
01.11.2024,"3.020,001"
31.10.2024,"3.029,244"
30.10.2024,"3.070,637"
29.10.2024,"3.058,451"
28.10.2024,"3.025,426"
25.10.2024,"3.030,884"
24.10.2024,"3.014,110"
23.10.2024,"2.998,864"
22.10.2024,"3.025,065"
21.10.2024,"2.996,482"
18.10.2024,"2.997,614"
17.10.2024,"2.961,750"
16.10.2024,"2.937,830"
15.10.2024,"2.928,717"
14.10.2024,"2.919,330"
11.10.2024,"2.928,963"
10.10.2024,"2.901,351"
09.10.2024,"2.873,485"
08.10.2024,"2.888,933"
07.10.2024,"2.912,276"
04.10.2024,"2.922,517"
03.10.2024,"2.923,420"
02.10.2024,"2.928,264"
01.10.2024,"2.924,486"
30.09.2024,"2.898,606"
27.09.2024,"2.919,910"
26.09.2024,"2.936,936"
25.09.2024,"2.919,021"
24.09.2024,"2.915,604"
23.09.2024,"2.883,938"
20.09.2024,"2.876,924"
19.09.2024,"2.835,169"
18.09.2024,"2.803,667"
17.09.2024,"2.819,695"
16.09.2024,"2.826,783"
13.09.2024,"2.812,543"
12.09.2024,"2.795,016"
11.09.2024,"2.746,546"
10.09.2024,"2.757,396"
09.09.2024,"2.748,539"
06.09.2024,"2.730,067"
05.09.2024,"2.750,535"
04.09.2024,"2.732,802"
03.09.2024,"2.725,432"
02.09.2024,"2.723,063"
30.08.2024,"2.743,604"
29.08.2024,"2.760,775"
28.08.2024,"2.753,106"
27.08.2024,"2.763,765"
26.08.2024,"2.752,475"
23.08.2024,"2.745,148"
22.08.2024,"2.715,861"
21.08.2024,"2.741,114"
20.08.2024,"2.739,405"
19.08.2024,"2.717,869"
16.08.2024,"2.716,825"
15.08.2024,"2.663,374"
14.08.2024,"2.646,759"
13.08.2024,"2.655,479"
12.08.2024,"2.669,155"
09.08.2024,"2.617,555"
08.08.2024,"2.615,474"
07.08.2024,"2.571,006"
06.08.2024,"2.577,430"
05.08.2024,"2.582,308"
02.08.2024,"2.607,468"
01.08.2024,"2.608,910"
31.07.2024,"2.609,338"
30.07.2024,"2.565,766"
29.07.2024,"2.530,999"
26.07.2024,"2.528,170"
25.07.2024,"2.517,285"
24.07.2024,"2.536,932"
23.07.2024,"2.543,473"
22.07.2024,"2.536,731"
19.07.2024,"2.549,189"
18.07.2024,"2.598,467"
17.07.2024,"2.619,671"
16.07.2024,"2.622,249"
15.07.2024,"2.571,929"
12.07.2024,"2.561,075"
11.07.2024,"2.561,231"
10.07.2024,"2.508,663"
09.07.2024,"2.502,785"
08.07.2024,"2.484,670"
05.07.2024,"2.511,301"
04.07.2024,"2.473,162"
03.07.2024,"2.468,916"
02.07.2024,"2.439,250"
01.07.2024,"2.448,660"
28.06.2024,"2.447,439"
27.06.2024,"2.461,165"
26.06.2024,"2.426,977"
25.06.2024,"2.458,143"
24.06.2024,"2.468,269"
21.06.2024,"2.451,303"
20.06.2024,"2.493,092"
19.06.2024,"2.435,456"
18.06.2024,"2.436,057"
17.06.2024,"2.449,718"
14.06.2024,"2.459,415"
13.06.2024,"2.405,699"
12.06.2024,"2.412,991"
11.06.2024,"2.408,455"
10.06.2024,"2.405,601"
07.06.2024,"2.386,213"
06.06.2024,"2.467,962"
05.06.2024,"2.444,229"
04.06.2024,"2.444,193"
03.06.2024,"2.432,193"
31.05.2024,"2.408,353"
30.05.2024,"2.430,407"
29.05.2024,"2.426,371"
28.05.2024,"2.446,772"
27.05.2024,"2.428,312"
24.05.2024,"2.417,856"
23.05.2024,"2.416,316"
22.05.2024,"2.466,278"
21.05.2024,"2.506,715"
20.05.2024,"2.513,360"
17.05.2024,"2.500,555"
16.05.2024,"2.466,537"
15.05.2024,"2.473,467"
14.05.2024,"2.445,115"
13.05.2024,"2.425,588"
10.05.2024,"2.444,207"
09.05.2024,"2.436,172"
08.05.2024,"2.398,164"
07.05.2024,"2.401,244"
06.05.2024,"2.412,900"
03.05.2024,"2.393,358"
02.05.2024,"2.399,006"
01.05.2024,"2.412,833"
30.04.2024,"2.386,959"
29.04.2024,"2.433,209"
26.04.2024,"2.439,604"
25.04.2024,"2.438,620"
24.04.2024,"2.426,019"
23.04.2024,"2.431,581"
22.04.2024,"2.443,844"
19.04.2024,"2.493,436"
18.04.2024,"2.492,570"
17.04.2024,"2.471,945"
16.04.2024,"2.490,779"
15.04.2024,"2.485,150"
12.04.2024,"2.439,118"
11.04.2024,"2.473,228"
10.04.2024,"2.424,573"
09.04.2024,"2.441,074"
08.04.2024,"2.418,581"
05.04.2024,"2.399,294"
04.04.2024,"2.352,342"
03.04.2024,"2.359,833"
02.04.2024,"2.350,943"
01.04.2024,"2.333,355"
29.03.2024,"2.327,473"
28.03.2024,"2.326,052"
27.03.2024,"2.275,338"
26.03.2024,"2.257,555"
25.03.2024,"2.247,814"
22.03.2024,"2.228,957"
21.03.2024,"2.255,255"
20.03.2024,"2.296,716"
19.03.2024,"2.246,859"
18.03.2024,"2.248,101"
15.03.2024,"2.223,214"
14.03.2024,"2.238,056"
13.03.2024,"2.247,211"
12.03.2024,"2.226,113"
11.03.2024,"2.249,619"
08.03.2024,"2.237,167"
07.03.2024,"2.220,178"
06.03.2024,"2.195,734"
05.03.2024,"2.169,453"
04.03.2024,"2.146,816"
01.03.2024,"2.101,046"
29.02.2024,"2.056,975"
28.02.2024,"2.042,187"
27.02.2024,"2.033,340"
26.02.2024,"2.033,536"
23.02.2024,"2.016,980"
22.02.2024,"2.022,395"
21.02.2024,"2.020,578"
20.02.2024,"2.012,119"
19.02.2024,"2.001,443"
16.02.2024,"1.996,175"
15.02.2024,"1.984,543"
14.02.2024,"1.971,507"
13.02.2024,"1.967,364"
12.02.2024,"1.993,934"
09.02.2024,"1.997,269"
08.02.2024,"2.006,256"
07.02.2024,"2.003,212"
06.02.2024,"2.000,863"
05.02.2024,"1.989,080"
02.02.2024,"2.001,147"
01.02.2024,"2.011,491"
31.01.2024,"1.991,522"
30.01.2024,"1.988,106"
29.01.2024,"1.982,323"
26.01.2024,"1.967,092"
25.01.2024,"1.968,801"
24.01.2024,"1.961,354"
23.01.2024,"1.976,077"
22.01.2024,"1.966,523"
19.01.2024,"1.969,589"
18.01.2024,"1.962,243"
17.01.2024,"1.947,772"
16.01.2024,"1.964,239"
15.01.2024,"1.987,480"
12.01.2024,"1.983,503"
11.01.2024,"1.967,421"
10.01.2024,"1.945,685"
09.01.2024,"1.956,862"
08.01.2024,"1.953,952"
05.01.2024,"1.959,263"
04.01.2024,"1.961,894"
03.01.2024,"1.956,835"
02.01.2024,"1.969,953"
01.01.2024,"1.961,231"
29.12.2023,"1.940,317"
28.12.2023,"1.960,834"
27.12.2023,"1.964,872"
26.12.2023,"1.947,211"
25.12.2023,"1.936,275"
22.12.2023,"1.929,026"
21.12.2023,"1.923,005"
20.12.2023,"1.903,358"
19.12.2023,"1.909,085"
18.12.2023,"1.894,348"
15.12.2023,"1.882,479"
14.12.2023,"1.897,200"
13.12.2023,"1.894,878"
12.12.2023,"1.850,418"
11.12.2023,"1.846,674"
08.12.2023,"1.867,287"
07.12.2023,"1.885,500"
06.12.2023,"1.884,629"
05.12.2023,"1.877,067"
04.12.2023,"1.890,908"
01.12.2023,"1.924,508"
30.11.2023,"1.894,998"
29.11.2023,"1.902,965"
28.11.2023,"1.901,201"
27.11.2023,"1.873,395"
24.11.2023,"1.858,175"
23.11.2023,"1.848,809"
22.11.2023,"1.845,580"
21.11.2023,"1.851,398"
20.11.2023,"1.833,715"
17.11.2023,"1.827,360"
16.11.2023,"1.829,710"
15.11.2023,"1.807,860"
14.11.2023,"1.807,203"
13.11.2023,"1.790,593"
10.11.2023,"1.779,610"
09.11.2023,"1.796,875"
08.11.2023,"1.789,056"
07.11.2023,"1.804,195"
06.11.2023,"1.808,337"
03.11.2023,"1.818,782"
02.11.2023,"1.813,976"
01.11.2023,"1.808,220"
31.10.2023,"1.805,389"
30.10.2023,"1.813,688"
27.10.2023,"1.818,242"
26.10.2023,"1.797,460"
25.10.2023,"1.794,868"
24.10.2023,"1.784,990"
23.10.2023,"1.782,354"
20.10.2023,"1.783,104"
19.10.2023,"1.781,947"
18.10.2023,"1.759,212"
17.10.2023,"1.730,611"
16.10.2023,"1.720,283"
13.10.2023,"1.727,380"
12.10.2023,"1.675,346"
11.10.2023,"1.671,653"
10.10.2023,"1.658,470"
09.10.2023,"1.660,238"
06.10.2023,"1.627,162"
05.10.2023,"1.615,474"
04.10.2023,"1.615,035"
03.10.2023,"1.614,738"
02.10.2023,"1.611,734"
29.09.2023,"1.629,160"
28.09.2023,"1.648,241"
27.09.2023,"1.650,370"
26.09.2023,"1.672,007"
25.09.2023,"1.677,432"
22.09.2023,"1.682,093"
21.09.2023,"1.675,392"
20.09.2023,"1.676,204"
19.09.2023,"1.678,286"
18.09.2023,"1.678,803"
15.09.2023,"1.669,201"
14.09.2023,"1.655,096"
13.09.2023,"1.650,486"
12.09.2023,"1.656,078"
11.09.2023,"1.661,659"
08.09.2023,"1.656,834"
07.09.2023,"1.658,970"
06.09.2023,"1.651,746"
05.09.2023,"1.658,510"
04.09.2023,"1.668,274"
01.09.2023,"1.666,543"
31.08.2023,"1.665,030"
30.08.2023,"1.668,751"
29.08.2023,"1.653,842"
28.08.2023,"1.625,413"
25.08.2023,"1.634,709"
24.08.2023,"1.595,951"
23.08.2023,"1.677,301"
22.08.2023,"1.661,275"
21.08.2023,"1.657,146"
18.08.2023,"1.646,544"
17.08.2023,"1.649,797"
16.08.2023,"1.649,719"
15.08.2023,"1.655,201"
14.08.2023,"1.660,137"
11.08.2023,"1.666,540"
10.08.2023,"1.667,691"
09.08.2023,"1.663,517"
08.08.2023,"1.675,084"
07.08.2023,"1.681,898"
04.08.2023,"1.683,683"
03.08.2023,"1.692,133"
02.08.2023,"1.678,741"
01.08.2023,"1.693,842"
31.07.2023,"1.701,080"
28.07.2023,"1.695,043"
27.07.2023,"1.688,707"
26.07.2023,"1.707,561"
25.07.2023,"1.701,653"
24.07.2023,"1.698,696"
21.07.2023,"1.701,881"
20.07.2023,"1.702,245"
19.07.2023,"1.705,827"
18.07.2023,"1.712,584"
17.07.2023,"1.659,473"
14.07.2023,"1.647,613"
13.07.2023,"1.642,460"
12.07.2023,"1.649,443"
11.07.2023,"1.623,188"
10.07.2023,"1.621,514"
07.07.2023,"1.612,934"
06.07.2023,"1.606,754"
05.07.2023,"1.611,703"
04.07.2023,"1.609,337"
03.07.2023,"1.600,303"
30.06.2023,"1.575,044"
29.06.2023,"1.598,389"
28.06.2023,"1.599,718"
27.06.2023,"1.602,033"
26.06.2023,"1.612,834"
23.06.2023,"1.558,755"
22.06.2023,"1.532,030"
21.06.2023,"1.465,072"
20.06.2023,"1.468,635"
19.06.2023,"1.480,617"
16.06.2023,"1.486,821"
15.06.2023,"1.490,329"
14.06.2023,"1.474,386"
13.06.2023,"1.477,686"
12.06.2023,"1.491,310"
09.06.2023,"1.475,223"
08.06.2023,"1.485,199"
07.06.2023,"1.456,666"
06.06.2023,"1.386,293"
05.06.2023,"1.341,740"
02.06.2023,"1.314,535"
01.06.2023,"1.328,323"
31.05.2023,"1.312,416"
30.05.2023,"1.297,968"
29.05.2023,"1.258,027"
28.05.2023,"1.251,658"
26.05.2023,"1.250,284"
25.05.2023,"1.251,168"
24.05.2023,"1.254,657"
23.05.2023,"1.261,825"
22.05.2023,"1.257,912"
21.05.2023,"1.262,970"
19.05.2023,"1.259,930"
18.05.2023,"1.247,759"
17.05.2023,"1.260,611"
16.05.2023,"1.262,592"
15.05.2023,"1.275,172"
14.05.2023,"1.268,455"
12.05.2023,"1.265,868"
11.05.2023,"1.268,891"
10.05.2023,"1.276,647"
09.05.2023,"1.278,032"
08.05.2023,"1.267,900"
07.05.2023,"1.263,992"
05.05.2023,"1.264,656"
04.05.2023,"1.284,751"
03.05.2023,"1.285,267"
02.05.2023,"1.262,642"
01.05.2023,"1.239,870"
30.04.2023,"1.242,820"
28.04.2023,"1.244,184"
27.04.2023,"1.242,055"
26.04.2023,"1.244,046"
25.04.2023,"1.249,484"
24.04.2023,"1.244,901"
23.04.2023,"1.238,693"
21.04.2023,"1.237,251"
20.04.2023,"1.251,297"
19.04.2023,"1.243,751"
18.04.2023,"1.251,396"
17.04.2023,"1.243,234"
16.04.2023,"1.248,289"
14.04.2023,"1.247,984"
13.04.2023,"1.268,274"
12.04.2023,"1.253,730"
11.04.2023,"1.244,258"
10.04.2023,"1.234,425"
09.04.2023,"1.241,807"
07.04.2023,"1.243,120"
06.04.2023,"1.243,377"
05.04.2023,"1.250,769"
04.04.2023,"1.249,515"
03.04.2023,"1.225,963"
02.04.2023,"1.208,042"
31.03.2023,"1.214,353"
30.03.2023,"1.220,176"
29.03.2023,"1.208,927"
28.03.2023,"1.212,557"
27.03.2023,"1.202,261"
26.03.2023,"1.212,408"
24.03.2023,"1.212,789"
23.03.2023,"1.220,591"
22.03.2023,"1.206,388"
21.03.2023,"1.189,175"
20.03.2023,"1.208,653"
19.03.2023,"1.208,630"
17.03.2023,"1.216,148"
16.03.2023,"1.174,139"
15.03.2023,"1.173,126"
14.03.2023,"1.161,354"
13.03.2023,"1.166,491"
12.03.2023,"1.145,540"
10.03.2023,"1.138,595"
09.03.2023,"1.116,552"
08.03.2023,"1.105,764"
07.03.2023,"1.103,617"
06.03.2023,"1.121,816"
05.03.2023,"1.125,831"
03.03.2023,"1.122,519"
02.03.2023,"1.116,365"
01.03.2023,"1.115,374"
28.02.2023,"1.108,610"
27.02.2023,"1.103,490"
26.02.2023,"1.100,277"
24.02.2023,"1.096,149"
23.02.2023,"1.106,392"
22.02.2023,"1.107,929"
21.02.2023,"1.113,354"
20.02.2023,"1.117,454"
19.02.2023,"1.115,243"
17.02.2023,"1.116,531"
16.02.2023,"1.112,390"
15.02.2023,"1.113,320"
14.02.2023,"1.124,268"
13.02.2023,"1.123,659"
12.02.2023,"1.128,184"
10.02.2023,"1.129,751"
09.02.2023,"1.127,901"
08.02.2023,"1.135,565"
07.02.2023,"1.134,323"
06.02.2023,"1.131,660"
05.02.2023,"1.129,759"
03.02.2023,"1.129,425"
02.02.2023,"1.158,639"
01.02.2023,"1.181,479"
31.01.2023,"1.165,671"
30.01.2023,"1.162,445"
29.01.2023,"1.166,746"
27.01.2023,"1.166,023"
26.01.2023,"1.167,643"
25.01.2023,"1.178,189"
24.01.2023,"1.171,370"
23.01.2023,"1.165,149"
22.01.2023,"1.165,300"
20.01.2023,"1.163,799"
19.01.2023,"1.167,534"
18.01.2023,"1.151,671"
17.01.2023,"1.152,468"
16.01.2023,"1.158,060"
15.01.2023,"1.157,955"
13.01.2023,"1.160,506"
12.01.2023,"1.146,233"
11.01.2023,"1.133,350"
10.01.2023,"1.134,186"
09.01.2023,"1.128,744"
08.01.2023,"1.128,783"
06.01.2023,"1.125,342"
05.01.2023,"1.106,247"
04.01.2023,"1.117,970"
03.01.2023,"1.106,658"
02.01.2023,"1.102,255"
01.01.2023,"1.096,071"
30.12.2022,"1.096,929"
29.12.2022,"1.092,095"
28.12.2022,"1.086,677"
27.12.2022,"1.087,749"
26.12.2022,"1.081,284"
25.12.2022,"1.078,563"
23.12.2022,"1.079,870"
22.12.2022,"1.077,102"
21.12.2022,"1.089,149"
20.12.2022,"1.090,121"
19.12.2022,"1.071,615"
18.12.2022,"1.073,549"
16.12.2022,"1.075,102"
15.12.2022,"1.065,187"
14.12.2022,"1.082,551"
13.12.2022,"1.083,581"
12.12.2022,"1.066,848"
11.12.2022,"1.075,890"
09.12.2022,"1.077,631"
08.12.2022,"1.072,597"
07.12.2022,"1.071,069"
06.12.2022,"1.061,111"
05.12.2022,"1.059,993"
04.12.2022,"1.077,813"
02.12.2022,"1.077,004"
01.12.2022,"1.080,017"
30.11.2022,"1.062,592"
29.11.2022,"1.048,310"
28.11.2022,"1.042,883"
27.11.2022,"1.048,119"
25.11.2022,"1.052,907"
24.11.2022,"1.051,524"
23.11.2022,"1.048,756"
22.11.2022,"1.042,421"
21.11.2022,"1.040,303"
20.11.2022,"1.048,943"
18.11.2022,"1.048,177"
17.11.2022,"1.051,909"
16.11.2022,"1.059,688"
15.11.2022,"1.065,489"
14.11.2022,"1.057,693"
13.11.2022,"1.052,060"
11.11.2022,"1.057,464"
10.11.2022,"1.042,596"
09.11.2022,"1.020,524"
08.11.2022,"1.020,409"
07.11.2022,"993,913"
06.11.2022,"1.000,671"
04.11.2022,"1.003,130"
03.11.2022,"975,305"
02.11.2022,"978,593"
01.11.2022,"986,602"
31.10.2022,"977,261"
30.10.2022,"984,188"
28.10.2022,"983,335"
27.10.2022,"994,395"
26.10.2022,"997,591"
25.10.2022,"986,711"
24.10.2022,"986,569"
23.10.2022,"993,974"
21.10.2022,"991,284"
20.10.2022,"972,455"
19.10.2022,"973,069"
18.10.2022,"987,371"
17.10.2022,"986,367"
16.10.2022,"984,812"
14.10.2022,"982,309"
13.10.2022,"992,145"
12.10.2022,"998,624"
11.10.2022,"994,978"
10.10.2022,"998,008"
09.10.2022,"1.013,617"
07.10.2022,"1.012,208"
06.10.2022,"1.022,642"
05.10.2022,"1.027,862"
04.10.2022,"1.030,321"
03.10.2022,"1.013,106"
02.10.2022,"993,941"
30.09.2022,"987,688"
29.09.2022,"990,041"
28.09.2022,"986,739"
27.09.2022,"966,295"
26.09.2022,"966,019"
25.09.2022,"974,730"
23.09.2022,"973,152"
22.09.2022,"986,531"
21.09.2022,"983,295"
20.09.2022,"981,455"
19.09.2022,"985,905"
18.09.2022,"985,428"
16.09.2022,"983,516"
15.09.2022,"977,018"
14.09.2022,"996,000"
13.09.2022,"999,044"
12.09.2022,"1.011,017"
11.09.2022,"1.007,751"
09.09.2022,"1.006,955"
08.09.2022,"1.003,241"
07.09.2022,"1.005,862"
06.09.2022,"998,410"
05.09.2022,"1.003,811"
04.09.2022,"1.000,689"
02.09.2022,"1.002,159"
01.09.2022,"993,902"
31.08.2022,"999,730"
30.08.2022,"1.007,788"
29.08.2022,"1.017,610"
28.08.2022,"1.014,042"
26.08.2022,"1.014,888"
25.08.2022,"1.027,019"
24.08.2022,"1.022,098"
23.08.2022,"1.017,069"
22.08.2022,"1.009,445"
21.08.2022,"1.015,489"
19.08.2022,"1.016,640"
18.08.2022,"1.022,313"
17.08.2022,"1.018,534"
16.08.2022,"1.023,936"
15.08.2022,"1.026,933"
14.08.2022,"1.038,044"
12.08.2022,"1.039,365"
11.08.2022,"1.032,178"
10.08.2022,"1.029,974"
09.08.2022,"1.033,219"
08.08.2022,"1.032,364"
07.08.2022,"1.021,686"
05.08.2022,"1.023,011"
04.08.2022,"1.034,552"
03.08.2022,"1.017,102"
02.08.2022,"1.013,714"
01.08.2022,"1.019,744"
31.07.2022,"1.015,744"
29.07.2022,"1.017,502"
28.07.2022,"1.012,935"
27.07.2022,"998,654"
26.07.2022,"987,372"
25.07.2022,"985,695"
24.07.2022,"984,959"
22.07.2022,"986,089"
21.07.2022,"979,394"
20.07.2022,"959,694"
19.07.2022,"964,272"
18.07.2022,"958,303"
17.07.2022,"953,617"
15.07.2022,"955,379"
14.07.2022,"961,429"
13.07.2022,"969,682"
12.07.2022,"958,912"
11.07.2022,"966,332"
10.07.2022,"969,758"
08.07.2022,"967,094"
07.07.2022,"966,902"
06.07.2022,"963,251"
05.07.2022,"967,148"
04.07.2022,"977,374"
03.07.2022,"973,675"
01.07.2022,"974,280"
30.06.2022,"970,139"
29.06.2022,"972,793"
28.06.2022,"972,265"
27.06.2022,"971,505"
26.06.2022,"976,340"
24.06.2022,"992,311"
23.06.2022,"1.017,671"
22.06.2022,"1.024,589"
21.06.2022,"1.021,480"
20.06.2022,"1.023,866"
19.06.2022,"1.024,962"
17.06.2022,"1.025,518"
16.06.2022,"1.029,676"
15.06.2022,"1.017,419"
14.06.2022,"1.005,570"
13.06.2022,"1.011,613"
12.06.2022,"1.040,049"
10.06.2022,"1.029,855"
09.06.2022,"1.024,059"
08.06.2022,"1.023,983"
07.06.2022,"1.003,803"
06.06.2022,"982,526"
05.06.2022,"983,239"
03.06.2022,"978,732"
02.06.2022,"991,087"
01.06.2022,"976,230"
31.05.2022,"968,452"
30.05.2022,"975,950"
29.05.2022,"971,701"
27.05.2022,"966,517"
26.05.2022,"975,181"
25.05.2022,"974,801"
24.05.2022,"966,858"
23.05.2022,"949,462"
22.05.2022,"945,815"
20.05.2022,"944,012"
19.05.2022,"942,734"
18.05.2022,"932,047"
17.05.2022,"929,223"
16.05.2022,"916,608"
15.05.2022,"902,423"
13.05.2022,"901,800"
12.05.2022,"902,541"
11.05.2022,"911,649"
10.05.2022,"903,768"
09.05.2022,"900,643"
08.05.2022,"904,509"
06.05.2022,"906,001"
05.05.2022,"896,197"
04.05.2022,"896,745"
03.05.2022,"889,349"
02.05.2022,"892,185"
01.05.2022,"906,666"
29.04.2022,"905,365"
28.04.2022,"902,123"
27.04.2022,"898,148"
26.04.2022,"907,594"
25.04.2022,"902,404"
24.04.2022,"916,427"
22.04.2022,"915,673"
21.04.2022,"922,583"
20.04.2022,"923,191"
19.04.2022,"918,590"
18.04.2022,"931,178"
17.04.2022,"934,654"
15.04.2022,"929,371"
14.04.2022,"928,231"
13.04.2022,"927,780"
12.04.2022,"922,062"
11.04.2022,"921,013"
10.04.2022,"921,762"
08.04.2022,"923,726"
07.04.2022,"916,249"
06.04.2022,"911,190"
05.04.2022,"909,001"
04.04.2022,"912,242"
03.04.2022,"909,110"
01.04.2022,"908,554"
31.03.2022,"913,772"
30.03.2022,"911,294"
29.03.2022,"899,166"
28.03.2022,"917,157"
27.03.2022,"933,633"
25.03.2022,"933,930"
24.03.2022,"934,383"
23.03.2022,"927,909"
22.03.2022,"914,878"
21.03.2022,"922,650"
20.03.2022,"914,106"
18.03.2022,"914,542"
17.03.2022,"920,567"
16.03.2022,"904,621"
15.03.2022,"907,967"
14.03.2022,"930,363"
13.03.2022,"938,525"
11.03.2022,"942,695"
10.03.2022,"954,837"
09.03.2022,"936,801"
08.03.2022,"952,834"
07.03.2022,"924,248"
06.03.2022,"912,106"
04.03.2022,"895,832"
03.03.2022,"877,838"
02.03.2022,"868,167"
01.03.2022,"867,540"
28.02.2022,"848,680"
27.02.2022,"864,270"
25.02.2022,"839,291"
24.02.2022,"860,818"
23.02.2022,"848,970"
22.02.2022,"841,674"
21.02.2022,"840,067"
20.02.2022,"834,611"
18.02.2022,"833,534"
17.02.2022,"826,573"
16.02.2022,"817,424"
15.02.2022,"810,688"
14.02.2022,"818,151"
13.02.2022,"808,696"
11.02.2022,"807,644"
10.02.2022,"793,063"
09.02.2022,"797,868"
08.02.2022,"797,506"
07.02.2022,"796,275"
06.02.2022,"789,518"
04.02.2022,"789,275"
03.02.2022,"787,762"
02.02.2022,"783,534"
01.02.2022,"775,034"
31.01.2022,"769,081"
30.01.2022,"777,716"
28.01.2022,"781,148"
27.01.2022,"786,936"
26.01.2022,"794,408"
25.01.2022,"801,870"
24.01.2022,"798,256"
23.01.2022,"794,632"
21.01.2022,"793,917"
20.01.2022,"789,898"
19.01.2022,"793,980"
18.01.2022,"789,210"
17.01.2022,"786,758"
16.01.2022,"790,677"
14.01.2022,"789,764"
13.01.2022,"795,432"
12.01.2022,"777,598"
11.01.2022,"805,722"
10.01.2022,"800,453"
09.01.2022,"795,639"
07.01.2022,"799,832"
06.01.2022,"793,574"
05.01.2022,"796,906"
04.01.2022,"781,110"
03.01.2022,"759,551"
02.01.2022,"787,821"
31.12.2021,"779,684"
30.12.2021,"777,376"
29.12.2021,"734,389"
28.12.2021,"688,610"
27.12.2021,"677,646"
26.12.2021,"643,576"
24.12.2021,"639,055"
23.12.2021,"659,941"
22.12.2021,"698,021"
21.12.2021,"713,780"
20.12.2021,"783,170"
19.12.2021,"966,494"
17.12.2021,"950,100"
16.12.2021,"907,410"
15.12.2021,"847,776"
14.12.2021,"819,320"
13.12.2021,"793,949"
12.12.2021,"794,953"
10.12.2021,"795,984"
09.12.2021,"787,676"
08.12.2021,"784,004"
07.12.2021,"776,232"
06.12.2021,"790,845"
05.12.2021,"784,642"
03.12.2021,"786,349"
02.12.2021,"779,327"
01.12.2021,"767,920"
30.11.2021,"770,057"
29.11.2021,"730,845"
28.11.2021,"712,934"
26.11.2021,"715,850"
25.11.2021,"692,821"
24.11.2021,"685,835"
23.11.2021,"738,385"
22.11.2021,"663,722"
21.11.2021,"661,641"
19.11.2021,"662,917"
18.11.2021,"661,187"
17.11.2021,"646,508"
16.11.2021,"615,547"
15.11.2021,"602,609"
14.11.2021,"601,836"
12.11.2021,"599,151"
11.11.2021,"594,417"
10.11.2021,"585,460"
09.11.2021,"572,679"
08.11.2021,"568,348"
07.11.2021,"566,951"
05.11.2021,"566,830"
04.11.2021,"558,756"
03.11.2021,"550,994"
02.11.2021,"551,945"
01.11.2021,"549,954"
31.10.2021,"548,947"
29.10.2021,"550,934"
28.10.2021,"551,710"
27.10.2021,"549,626"
26.10.2021,"550,375"
25.10.2021,"557,462"
24.10.2021,"560,565"
22.10.2021,"553,476"
21.10.2021,"547,243"
20.10.2021,"528,239"
19.10.2021,"529,358"
18.10.2021,"529,992"
17.10.2021,"527,537"
15.10.2021,"526,808"
14.10.2021,"530,736"
13.10.2021,"527,240"
12.10.2021,"511,743"
11.10.2021,"507,341"
10.10.2021,"505,364"
08.10.2021,"506,888"
07.10.2021,"501,095"
06.10.2021,"503,452"
05.10.2021,"501,775"
04.10.2021,"503,332"
03.10.2021,"502,053"
01.10.2021,"501,519"
30.09.2021,"501,015"
29.09.2021,"496,077"
28.09.2021,"495,008"
27.09.2021,"496,720"
26.09.2021,"498,732"
24.09.2021,"500,331"
23.09.2021,"492,408"
22.09.2021,"492,048"
21.09.2021,"492,221"
20.09.2021,"492,070"
19.09.2021,"487,584"
17.09.2021,"487,740"
16.09.2021,"481,417"
15.09.2021,"486,701"
14.09.2021,"489,177"
13.09.2021,"485,913"
12.09.2021,"486,709"
10.09.2021,"487,028"
09.09.2021,"487,329"
08.09.2021,"487,957"
07.09.2021,"482,131"
06.09.2021,"485,736"
05.09.2021,"489,140"
03.09.2021,"489,202"
02.09.2021,"482,104"
01.09.2021,"483,632"
31.08.2021,"485,431"
30.08.2021,"487,761"
29.08.2021,"488,576"
27.08.2021,"488,077"
26.08.2021,"483,551"
25.08.2021,"482,774"
24.08.2021,"487,576"
23.08.2021,"489,215"
22.08.2021,"485,896"
20.08.2021,"486,391"
19.08.2021,"488,289"
18.08.2021,"486,210"
17.08.2021,"484,374"
16.08.2021,"486,283"
15.08.2021,"487,091"
13.08.2021,"487,541"
12.08.2021,"482,991"
11.08.2021,"486,242"
10.08.2021,"478,044"
09.08.2021,"481,848"
08.08.2021,"477,053"
06.08.2021,"489,558"
05.08.2021,"494,660"
04.08.2021,"493,942"
03.08.2021,"489,588"
02.08.2021,"486,908"
01.08.2021,"492,450"
30.07.2021,"493,070"
29.07.2021,"497,736"
28.07.2021,"497,818"
27.07.2021,"495,458"
26.07.2021,"494,708"
25.07.2021,"495,017"
23.07.2021,"495,700"
22.07.2021,"497,526"
21.07.2021,"496,270"
20.07.2021,"499,206"
19.07.2021,"500,088"
18.07.2021,"498,468"
16.07.2021,"496,561"
15.07.2021,"504,013"
14.07.2021,"504,395"
13.07.2021,"500,761"
12.07.2021,"501,838"
11.07.2021,"503,006"
09.07.2021,"503,458"
08.07.2021,"503,886"
07.07.2021,"503,479"
06.07.2021,"501,505"
05.07.2021,"499,125"
04.07.2021,"499,217"
02.07.2021,"499,472"
01.07.2021,"495,333"
30.06.2021,"494,922"
29.06.2021,"494,785"
28.06.2021,"496,726"
27.06.2021,"501,795"
25.06.2021,"502,058"
24.06.2021,"496,875"
23.06.2021,"493,785"
22.06.2021,"494,477"
21.06.2021,"503,730"
20.06.2021,"498,399"
18.06.2021,"496,160"
17.06.2021,"498,040"
16.06.2021,"504,246"
15.06.2021,"511,458"
14.06.2021,"508,177"
13.06.2021,"505,321"
11.06.2021,"506,815"
10.06.2021,"514,620"
09.06.2021,"521,471"
08.06.2021,"523,898"
07.06.2021,"526,088"
06.06.2021,"527,136"
04.06.2021,"527,130"
03.06.2021,"524,160"
02.06.2021,"527,196"
01.06.2021,"526,048"
31.05.2021,"520,959"
30.05.2021,"525,222"
28.05.2021,"524,211"
27.05.2021,"519,046"
26.05.2021,"515,556"
25.05.2021,"516,123"
24.05.2021,"506,108"
23.05.2021,"510,003"
21.05.2021,"509,166"
20.05.2021,"505,045"
19.05.2021,"504,844"
18.05.2021,"502,742"
17.05.2021,"499,550"
16.05.2021,"501,776"
14.05.2021,"501,212"
13.05.2021,"499,099"
12.05.2021,"493,175"
11.05.2021,"489,725"
10.05.2021,"488,637"
09.05.2021,"487,129"
07.05.2021,"485,159"
06.05.2021,"483,507"
05.05.2021,"478,064"
04.05.2021,"476,123"
03.05.2021,"476,326"
02.05.2021,"471,674"
30.04.2021,"471,483"
29.04.2021,"468,143"
28.04.2021,"470,566"
27.04.2021,"469,779"
26.04.2021,"474,801"
25.04.2021,"480,704"
23.04.2021,"479,740"
22.04.2021,"477,149"
21.04.2021,"472,839"
20.04.2021,"463,679"
19.04.2021,"461,244"
18.04.2021,"461,649"
16.04.2021,"461,150"
15.04.2021,"455,676"
14.04.2021,"450,962"
13.04.2021,"455,566"
12.04.2021,"454,408"
11.04.2021,"457,825"
09.04.2021,"458,012"
08.04.2021,"459,367"
07.04.2021,"455,788"
06.04.2021,"456,820"
05.04.2021,"451,405"
04.04.2021,"454,902"
02.04.2021,"454,005"
01.04.2021,"452,019"
31.03.2021,"453,452"
30.03.2021,"451,408"
29.03.2021,"454,985"
28.03.2021,"452,096"
26.03.2021,"451,077"
25.03.2021,"441,675"
24.03.2021,"441,768"
23.03.2021,"441,213"
22.03.2021,"438,020"
21.03.2021,"453,737"
19.03.2021,"404,981"
18.03.2021,"408,676"
17.03.2021,"421,584"
16.03.2021,"417,166"
15.03.2021,"419,227"
14.03.2021,"419,643"
12.03.2021,"420,247"
11.03.2021,"414,287"
10.03.2021,"416,676"
09.03.2021,"420,383"
08.03.2021,"420,742"
07.03.2021,"412,945"
05.03.2021,"411,865"
04.03.2021,"410,148"
03.03.2021,"410,334"
02.03.2021,"410,313"
01.03.2021,"403,758"
28.02.2021,"415,067"
26.02.2021,"414,315"
25.02.2021,"417,970"
24.02.2021,"415,498"
23.02.2021,"412,699"
22.02.2021,"408,708"
21.02.2021,"400,401"
19.02.2021,"399,326"
18.02.2021,"397,250"
17.02.2021,"398,704"
16.02.2021,"401,766"
15.02.2021,"407,156"
14.02.2021,"411,883"
12.02.2021,"413,019"
11.02.2021,"412,841"
10.02.2021,"417,975"
09.02.2021,"417,169"
08.02.2021,"416,778"
07.02.2021,"412,752"
05.02.2021,"411,545"
04.02.2021,"412,120"
03.02.2021,"422,275"
02.02.2021,"425,041"
01.02.2021,"429,601"
31.01.2021,"434,587"
29.01.2021,"434,835"
28.01.2021,"435,737"
27.01.2021,"437,591"
26.01.2021,"437,588"
25.01.2021,"442,199"
24.01.2021,"443,023"
22.01.2021,"442,713"
21.01.2021,"443,081"
20.01.2021,"445,797"
19.01.2021,"442,214"
18.01.2021,"442,215"
17.01.2021,"434,466"
15.01.2021,"439,492"
14.01.2021,"437,792"
13.01.2021,"439,808"
12.01.2021,"445,330"
11.01.2021,"444,122"
10.01.2021,"436,565"
08.01.2021,"438,559"
07.01.2021,"451,960"
06.01.2021,"452,108"
05.01.2021,"463,415"
04.01.2021,"463,778"
03.01.2021,"458,086"
01.01.2021,"454,099"
31.12.2020,"454,121"
30.12.2020,"449,826"
29.12.2020,"446,612"
28.12.2020,"449,375"
27.12.2020,"460,181"
25.12.2020,"456,089"
24.12.2020,"457,399"
23.12.2020,"460,380"
22.12.2020,"459,176"
21.12.2020,"462,209"
20.12.2020,"464,079"
18.12.2020,"461,471"
17.12.2020,"466,468"
16.12.2020,"467,456"
15.12.2020,"466,633"
14.12.2020,"461,512"
13.12.2020,"464,474"
11.12.2020,"464,921"
10.12.2020,"465,927"
09.12.2020,"461,449"
08.12.2020,"469,871"
07.12.2020,"467,466"
06.12.2020,"460,517"
04.12.2020,"461,371"
03.12.2020,"460,552"
02.12.2020,"462,318"
01.12.2020,"455,749"
30.11.2020,"447,834"
29.11.2020,"450,782"
27.11.2020,"450,681"
26.11.2020,"458,390"
25.11.2020,"461,973"
24.11.2020,"465,210"
23.11.2020,"465,441"
22.11.2020,"459,739"
20.11.2020,"459,042"
19.11.2020,"451,539"
18.11.2020,"464,379"
17.11.2020,"466,377"
16.11.2020,"467,857"
15.11.2020,"468,466"
13.11.2020,"466,096"
12.11.2020,"463,730"
11.11.2020,"467,898"
10.11.2020,"494,000"
09.11.2020,"487,689"
08.11.2020,"531,615"
06.11.2020,"534,981"
05.11.2020,"527,284"
04.11.2020,"517,357"
03.11.2020,"519,466"
02.11.2020,"514,184"
01.11.2020,"505,256"
30.10.2020,"506,603"
29.10.2020,"499,210"
28.10.2020,"500,000"
27.10.2020,"502,206"
26.10.2020,"494,961"
25.10.2020,"486,881"
23.10.2020,"487,167"
22.10.2020,"486,719"
21.10.2020,"482,559"
20.10.2020,"483,113"
19.10.2020,"482,159"
18.10.2020,"483,828"
16.10.2020,"484,609"
15.10.2020,"486,401"
14.10.2020,"482,836"
13.10.2020,"482,516"
12.10.2020,"488,320"
11.10.2020,"487,259"
09.10.2020,"487,690"
08.10.2020,"484,186"
07.10.2020,"478,106"
06.10.2020,"471,493"
05.10.2020,"477,414"
04.10.2020,"475,051"
02.10.2020,"474,836"
01.10.2020,"474,216"
30.09.2020,"468,680"
29.09.2020,"476,680"
28.09.2020,"472,216"
27.09.2020,"459,233"
25.09.2020,"458,897"
24.09.2020,"457,619"
23.09.2020,"459,553"
22.09.2020,"469,760"
21.09.2020,"470,661"
20.09.2020,"473,875"
18.09.2020,"474,408"
17.09.2020,"473,022"
16.09.2020,"472,504"
15.09.2020,"470,561"
14.09.2020,"471,222"
13.09.2020,"467,065"
11.09.2020,"466,383"
10.09.2020,"465,435"
09.09.2020,"468,261"
08.09.2020,"464,594"
07.09.2020,"463,076"
06.09.2020,"463,077"
04.09.2020,"463,130"
03.09.2020,"461,176"
02.09.2020,"461,229"
01.09.2020,"467,263"
31.08.2020,"465,535"
30.08.2020,"465,169"
28.08.2020,"463,046"
27.08.2020,"456,115"
26.08.2020,"462,513"
25.08.2020,"459,056"
24.08.2020,"457,935"
23.08.2020,"456,349"
21.08.2020,"457,779"
20.08.2020,"458,377"
19.08.2020,"451,467"
18.08.2020,"475,431"
17.08.2020,"470,944"
16.08.2020,"458,053"
14.08.2020,"460,936"
13.08.2020,"462,370"
12.08.2020,"452,968"
11.08.2020,"444,175"
10.08.2020,"478,257"
09.08.2020,"476,207"
07.08.2020,"475,440"
06.08.2020,"481,640"
05.08.2020,"461,966"
04.08.2020,"452,583"
03.08.2020,"442,391"
02.08.2020,"444,492"
31.07.2020,"442,907"
30.07.2020,"439,002"
29.07.2020,"440,848"
28.07.2020,"436,711"
27.07.2020,"435,039"
26.07.2020,"421,224"
24.07.2020,"418,478"
23.07.2020,"414,894"
22.07.2020,"411,579"
21.07.2020,"404,762"
20.07.2020,"400,768"
19.07.2020,"398,832"
17.07.2020,"399,204"
16.07.2020,"396,580"
15.07.2020,"399,822"
14.07.2020,"399,417"
13.07.2020,"397,586"
12.07.2020,"397,287"
10.07.2020,"397,163"
09.07.2020,"398,070"
08.07.2020,"399,005"
07.07.2020,"395,738"
06.07.2020,"393,954"
05.07.2020,"391,829"
03.07.2020,"391,889"
02.07.2020,"391,242"
01.07.2020,"389,329"
30.06.2020,"392,809"
29.06.2020,"390,765"
28.06.2020,"390,344"
26.06.2020,"390,459"
25.06.2020,"389,191"
24.06.2020,"388,429"
23.06.2020,"389,484"
22.06.2020,"386,410"
21.06.2020,"385,287"
19.06.2020,"383,928"
18.06.2020,"379,996"
17.06.2020,"379,912"
16.06.2020,"379,525"
15.06.2020,"378,441"
14.06.2020,"379,877"
12.06.2020,"379,229"
11.06.2020,"379,727"
10.06.2020,"378,099"
09.06.2020,"374,303"
08.06.2020,"370,039"
07.06.2020,"365,807"
05.06.2020,"367,118"
04.06.2020,"371,898"
03.06.2020,"367,900"
02.06.2020,"372,360"
01.06.2020,"381,553"
31.05.2020,"381,189"
29.05.2020,"379,040"
28.05.2020,"377,346"
27.05.2020,"373,018"
26.05.2020,"370,968"
25.05.2020,"378,337"
24.05.2020,"378,988"
22.05.2020,"380,011"
21.05.2020,"376,892"
20.05.2020,"381,283"
19.05.2020,"380,911"
18.05.2020,"383,622"
17.05.2020,"389,615"
15.05.2020,"386,699"
14.05.2020,"385,914"
13.05.2020,"385,245"
12.05.2020,"382,953"
11.05.2020,"385,692"
10.05.2020,"389,422"
08.05.2020,"387,869"
07.05.2020,"391,290"
06.05.2020,"391,174"
05.05.2020,"388,141"
04.05.2020,"386,161"
03.05.2020,"383,668"
01.05.2020,"383,740"
30.04.2020,"379,430"
29.04.2020,"383,093"
28.04.2020,"383,076"
27.04.2020,"384,019"
26.04.2020,"386,503"
24.04.2020,"386,980"
23.04.2020,"386,614"
22.04.2020,"384,184"
21.04.2020,"378,573"
20.04.2020,"377,447"
19.04.2020,"372,088"
17.04.2020,"375,094"
16.04.2020,"381,891"
15.04.2020,"380,865"
14.04.2020,"378,413"
13.04.2020,"374,234"
12.04.2020,"364,675"
09.04.2020,"361,430"
08.04.2020,"358,812"
07.04.2020,"358,571"
06.04.2020,"362,220"
05.04.2020,"351,136"
03.04.2020,"350,141"
02.04.2020,"344,143"
01.04.2020,"343,381"
31.03.2020,"335,908"
30.03.2020,"341,589"
29.03.2020,"338,261"
27.03.2020,"337,217"
26.03.2020,"334,688"
25.03.2020,"332,446"
24.03.2020,"338,323"
23.03.2020,"329,885"
22.03.2020,"314,856"
20.03.2020,"315,557"
19.03.2020,"309,735"
18.03.2020,"311,937"
17.03.2020,"316,469"
16.03.2020,"311,548"
15.03.2020,"315,138"
13.03.2020,"311,420"
12.03.2020,"320,294"
11.03.2020,"328,295"
10.03.2020,"328,036"
09.03.2020,"329,898"
08.03.2020,"334,901"
06.03.2020,"328,329"
05.03.2020,"328,710"
04.03.2020,"320,046"
03.03.2020,"323,495"
02.03.2020,"315,910"
01.03.2020,"318,573"
28.02.2020,"318,226"
27.02.2020,"328,557"
26.02.2020,"325,620"
25.02.2020,"324,164"
24.02.2020,"325,291"
23.02.2020,"327,415"
21.02.2020,"322,265"
20.02.2020,"318,313"
19.02.2020,"315,022"
18.02.2020,"312,161"
17.02.2020,"308,048"
16.02.2020,"308,277"
14.02.2020,"308,493"
13.02.2020,"306,409"
12.02.2020,"305,121"
11.02.2020,"303,229"
10.02.2020,"303,626"
09.02.2020,"303,254"
07.02.2020,"303,577"
06.02.2020,"301,471"
05.02.2020,"299,297"
04.02.2020,"298,803"
03.02.2020,"303,807"
02.02.2020,"305,546"
31.01.2020,"305,612"
30.01.2020,"302,750"
29.01.2020,"302,245"
28.01.2020,"299,657"
27.01.2020,"302,134"
26.01.2020,"302,591"
24.01.2020,"300,083"
23.01.2020,"297,615"
22.01.2020,"297,299"
21.01.2020,"296,996"
20.01.2020,"296,889"
19.01.2020,"295,090"
17.01.2020,"294,737"
16.01.2020,"292,307"
15.01.2020,"294,102"
14.01.2020,"293,320"
13.01.2020,"291,424"
12.01.2020,"294,694"
10.01.2020,"295,234"
09.01.2020,"293,540"
08.01.2020,"296,072"
07.01.2020,"306,494"
06.01.2020,"300,177"
05.01.2020,"301,218"
03.01.2020,"297,960"
02.01.2020,"292,842"
01.01.2020,"290,352"
31.12.2019,"290,320"
30.12.2019,"289,774"
29.12.2019,"289,525"
27.12.2019,"289,095"
26.12.2019,"288,258"
25.12.2019,"286,302"
24.12.2019,"286,810"
23.12.2019,"284,074"
22.12.2019,"282,303"
20.12.2019,"282,251"
19.12.2019,"282,430"
18.12.2019,"281,133"
17.12.2019,"279,280"
16.12.2019,"277,488"
15.12.2019,"275,382"
13.12.2019,"275,680"
12.12.2019,"271,966"
11.12.2019,"275,126"
10.12.2019,"273,279"
09.12.2019,"272,989"
08.12.2019,"271,366"
06.12.2019,"271,347"
05.12.2019,"272,850"
04.12.2019,"272,733"
03.12.2019,"272,678"
02.12.2019,"270,049"
01.12.2019,"270,225"
29.11.2019,"270,543"
28.11.2019,"269,663"
27.11.2019,"270,770"
26.11.2019,"270,537"
25.11.2019,"268,414"
24.11.2019,"268,426"
22.11.2019,"268,573"
21.11.2019,"268,451"
20.11.2019,"270,225"
19.11.2019,"270,390"
18.11.2019,"271,260"
17.11.2019,"271,447"
15.11.2019,"271,220"
14.11.2019,"271,702"
13.11.2019,"270,898"
12.11.2019,"270,759"
11.11.2019,"270,124"
10.11.2019,"270,937"
08.11.2019,"270,559"
07.11.2019,"271,705"
06.11.2019,"275,603"
05.11.2019,"274,654"
04.11.2019,"277,817"
03.11.2019,"277,566"
01.11.2019,"278,295"
31.10.2019,"277,711"
30.10.2019,"274,174"
29.10.2019,"275,026"
28.10.2019,"274,805"
27.10.2019,"279,177"
25.10.2019,"279,357"
24.10.2019,"278,651"
23.10.2019,"275,286"
22.10.2019,"277,759"
21.10.2019,"279,609"
20.10.2019,"278,098"
18.10.2019,"277,472"
17.10.2019,"279,274"
16.10.2019,"281,907"
15.10.2019,"282,276"
14.10.2019,"284,319"
13.10.2019,"281,407"
11.10.2019,"281,608"
10.10.2019,"280,772"
09.10.2019,"285,625"
08.10.2019,"283,129"
07.10.2019,"280,185"
06.10.2019,"277,038"
04.10.2019,"275,455"
03.10.2019,"276,232"
02.10.2019,"275,102"
01.10.2019,"272,479"
30.09.2019,"267,683"
29.09.2019,"272,682"
27.09.2019,"272,992"
26.09.2019,"274,664"
25.09.2019,"274,874"
24.09.2019,"280,557"
23.09.2019,"279,626"
22.09.2019,"279,479"
20.09.2019,"279,997"
19.09.2019,"275,762"
18.09.2019,"272,425"
17.09.2019,"275,178"
16.09.2019,"275,969"
15.09.2019,"277,347"
13.09.2019,"272,207"
12.09.2019,"272,690"
11.09.2019,"276,117"
10.09.2019,"275,857"
09.09.2019,"276,393"
08.09.2019,"276,331"
06.09.2019,"276,815"
05.09.2019,"277,956"
04.09.2019,"282,998"
03.09.2019,"285,210"
02.09.2019,"284,976"
01.09.2019,"287,011"
30.08.2019,"285,284"
29.08.2019,"286,747"
28.08.2019,"288,095"
27.08.2019,"289,369"
26.08.2019,"286,424"
25.08.2019,"289,853"
23.08.2019,"282,344"
22.08.2019,"277,785"
21.08.2019,"276,656"
20.08.2019,"277,667"
19.08.2019,"271,763"
18.08.2019,"271,151"
16.08.2019,"271,573"
15.08.2019,"273,473"
14.08.2019,"273,732"
13.08.2019,"268,984"
12.08.2019,"270,502"
11.08.2019,"265,282"
09.08.2019,"264,388"
08.08.2019,"265,266"
07.08.2019,"265,183"
06.08.2019,"262,501"
05.08.2019,"264,923"
04.08.2019,"256,898"
02.08.2019,"257,508"
01.08.2019,"259,168"
31.07.2019,"253,373"
30.07.2019,"255,767"
29.07.2019,"257,339"
28.07.2019,"258,335"
26.07.2019,"258,495"
25.07.2019,"259,415"
24.07.2019,"261,830"
23.07.2019,"260,701"
22.07.2019,"259,663"
21.07.2019,"259,187"
19.07.2019,"259,198"
18.07.2019,"260,924"
17.07.2019,"260,327"
16.07.2019,"258,175"
15.07.2019,"259,925"
14.07.2019,"260,880"
12.07.2019,"260,468"
11.07.2019,"256,964"
10.07.2019,"260,045"
09.07.2019,"256,986"
08.07.2019,"257,044"
07.07.2019,"257,685"
05.07.2019,"253,192"
04.07.2019,"255,903"
03.07.2019,"256,448"
02.07.2019,"260,118"
01.07.2019,"251,815"
30.06.2019,"256,955"
28.06.2019,"262,308"
27.06.2019,"261,910"
26.06.2019,"261,762"
25.06.2019,"264,348"
24.06.2019,"265,928"
23.06.2019,"260,805"
21.06.2019,"261,810"
20.06.2019,"257,806"
19.06.2019,"253,082"
18.06.2019,"252,170"
17.06.2019,"253,009"
16.06.2019,"254,673"
14.06.2019,"254,410"
13.06.2019,"254,023"
12.06.2019,"249,392"
11.06.2019,"247,849"
10.06.2019,"247,595"
09.06.2019,"250,809"
07.06.2019,"251,369"
06.06.2019,"248,379"
05.06.2019,"244,803"
04.06.2019,"246,154"
03.06.2019,"248,656"
02.06.2019,"246,699"
31.05.2019,"245,123"
30.05.2019,"245,359"
29.05.2019,"247,762"
28.05.2019,"248,221"
27.05.2019,"250,790"
26.05.2019,"251,193"
24.05.2019,"251,245"
23.05.2019,"252,657"
22.05.2019,"250,856"
21.05.2019,"248,577"
20.05.2019,"247,551"
19.05.2019,"249,055"
17.05.2019,"248,965"
16.05.2019,"250,400"
15.05.2019,"250,770"
14.05.2019,"251,926"
13.05.2019,"255,158"
12.05.2019,"248,017"
10.05.2019,"247,524"
09.05.2019,"254,243"
08.05.2019,"253,846"
07.05.2019,"254,443"
06.05.2019,"251,222"
05.05.2019,"247,179"
03.05.2019,"245,243"
02.05.2019,"243,785"
01.05.2019,"244,804"
30.04.2019,"246,124"
29.04.2019,"244,995"
28.04.2019,"245,805"
26.04.2019,"245,448"
25.04.2019,"245,008"
24.04.2019,"241,308"
23.04.2019,"238,681"
22.04.2019,"238,893"
21.04.2019,"239,191"
18.04.2019,"238,097"
17.04.2019,"235,937"
16.04.2019,"237,641"
15.04.2019,"240,482"
14.04.2019,"239,956"
12.04.2019,"239,666"
11.04.2019,"238,353"
10.04.2019,"239,006"
09.04.2019,"238,452"
08.04.2019,"237,550"
07.04.2019,"234,182"
05.04.2019,"233,488"
04.04.2019,"232,959"
03.04.2019,"233,553"
02.04.2019,"233,304"
01.04.2019,"228,340"
31.03.2019,"232,572"
29.03.2019,"231,719"
28.03.2019,"231,353"
27.03.2019,"227,143"
26.03.2019,"227,111"
25.03.2019,"236,324"
24.03.2019,"239,992"
22.03.2019,"243,301"
21.03.2019,"230,056"
20.03.2019,"229,589"
19.03.2019,"229,991"
18.03.2019,"229,166"
17.03.2019,"227,897"
15.03.2019,"227,944"
14.03.2019,"227,985"
13.03.2019,"229,915"
12.03.2019,"228,406"
11.03.2019,"225,833"
10.03.2019,"226,672"
08.03.2019,"227,079"
07.03.2019,"225,758"
06.03.2019,"224,954"
05.03.2019,"223,110"
04.03.2019,"223,166"
03.03.2019,"223,749"
01.03.2019,"223,543"
28.02.2019,"225,781"
27.02.2019,"225,700"
26.02.2019,"226,713"
25.02.2019,"226,465"
24.02.2019,"227,214"
22.02.2019,"227,047"
21.02.2019,"226,915"
20.02.2019,"229,646"
19.02.2019,"227,612"
18.02.2019,"226,003"
17.02.2019,"224,546"
15.02.2019,"223,892"
14.02.2019,"222,592"
13.02.2019,"222,157"
12.02.2019,"221,286"
11.02.2019,"222,043"
10.02.2019,"221,867"
08.02.2019,"221,604"
07.02.2019,"222,241"
06.02.2019,"219,290"
05.02.2019,"219,986"
04.02.2019,"220,035"
03.02.2019,"220,926"
01.02.2019,"220,629"
31.01.2019,"220,086"
30.01.2019,"221,949"
29.01.2019,"223,757"
28.01.2019,"223,187"
27.01.2019,"220,296"
25.01.2019,"220,653"
24.01.2019,"217,038"
23.01.2019,"218,402"
22.01.2019,"220,614"
21.01.2019,"219,150"
20.01.2019,"219,731"
18.01.2019,"219,606"
17.01.2019,"222,693"
16.01.2019,"222,263"
15.01.2019,"225,725"
14.01.2019,"226,832"
13.01.2019,"227,026"
11.01.2019,"225,674"
10.01.2019,"224,845"
09.01.2019,"227,585"
08.01.2019,"226,541"
07.01.2019,"223,128"
06.01.2019,"219,974"
04.01.2019,"220,129"
03.01.2019,"227,975"
02.01.2019,"227,947"
01.01.2019,"217,944"
31.12.2018,"218,191"
30.12.2018,"217,375"
28.12.2018,"217,326"
27.12.2018,"217,116"
26.12.2018,"215,454"
25.12.2018,"215,387"
24.12.2018,"216,017"
23.12.2018,"215,220"
21.12.2018,"214,477"
20.12.2018,"213,631"
19.12.2018,"211,955"
18.12.2018,"214,480"
17.12.2018,"215,300"
16.12.2018,"213,768"
14.12.2018,"213,503"
13.12.2018,"213,583"
12.12.2018,"214,271"
11.12.2018,"214,239"
10.12.2018,"213,190"
09.12.2018,"213,764"
07.12.2018,"212,978"
06.12.2018,"212,397"
05.12.2018,"212,152"
04.12.2018,"214,644"
03.12.2018,"207,952"
02.12.2018,"204,080"
30.11.2018,"204,970"
29.11.2018,"203,544"
28.11.2018,"204,923"
27.11.2018,"205,511"
26.11.2018,"206,248"
25.11.2018,"208,491"
23.11.2018,"207,604"
22.11.2018,"209,129"
21.11.2018,"209,691"
20.11.2018,"211,522"
19.11.2018,"209,121"
18.11.2018,"209,979"
16.11.2018,"209,498"
15.11.2018,"210,582"
14.11.2018,"212,768"
13.11.2018,"211,850"
12.11.2018,"211,560"
11.11.2018,"212,688"
09.11.2018,"212,461"
08.11.2018,"214,802"
07.11.2018,"211,539"
06.11.2018,"211,675"
05.11.2018,"210,647"
04.11.2018,"215,488"
02.11.2018,"215,209"
01.11.2018,"218,994"
31.10.2018,"218,344"
30.10.2018,"215,532"
29.10.2018,"219,894"
28.10.2018,"221,591"
26.10.2018,"221,822"
25.10.2018,"223,186"
24.10.2018,"226,589"
23.10.2018,"227,623"
22.10.2018,"222,707"
21.10.2018,"222,972"
19.10.2018,"222,340"
18.10.2018,"222,111"
17.10.2018,"219,921"
16.10.2018,"224,257"
15.10.2018,"227,971"
14.10.2018,"231,125"
12.10.2018,"229,998"
11.10.2018,"232,502"
10.10.2018,"233,392"
09.10.2018,"233,570"
08.10.2018,"234,058"
07.10.2018,"238,610"
05.10.2018,"236,853"
04.10.2018,"238,425"
03.10.2018,"233,353"
02.10.2018,"232,250"
01.10.2018,"227,057"
30.09.2018,"231,444"
28.09.2018,"232,035"
27.09.2018,"228,648"
26.09.2018,"235,109"
25.09.2018,"239,204"
24.09.2018,"237,443"
23.09.2018,"242,975"
21.09.2018,"242,677"
20.09.2018,"241,598"
19.09.2018,"242,052"
18.09.2018,"246,908"
17.09.2018,"243,833"
16.09.2018,"236,433"
14.09.2018,"236,759"
13.09.2018,"236,870"
12.09.2018,"246,271"
11.09.2018,"247,866"
10.09.2018,"248,641"
09.09.2018,"247,018"
07.09.2018,"246,472"
06.09.2018,"254,559"
05.09.2018,"253,515"
04.09.2018,"255,694"
03.09.2018,"256,216"
02.09.2018,"253,820"
31.08.2018,"252,648"
30.08.2018,"259,826"
29.08.2018,"251,191"
28.08.2018,"242,243"
27.08.2018,"240,056"
26.08.2018,"232,515"
24.08.2018,"233,090"
23.08.2018,"232,102"
22.08.2018,"231,735"
21.08.2018,"233,328"
20.08.2018,"233,671"
19.08.2018,"228,658"
17.08.2018,"229,627"
16.08.2018,"220,951"
15.08.2018,"225,709"
14.08.2018,"244,778"
13.08.2018,"266,640"
12.08.2018,"263,068"
10.08.2018,"250,094"
09.08.2018,"216,471"
08.08.2018,"207,116"
07.08.2018,"205,129"
06.08.2018,"204,506"
05.08.2018,"199,227"
03.08.2018,"198,249"
02.08.2018,"197,845"
01.08.2018,"195,141"
31.07.2018,"193,569"
30.07.2018,"192,049"
29.07.2018,"190,905"
27.07.2018,"190,714"
26.07.2018,"191,716"
25.07.2018,"190,244"
24.07.2018,"192,255"
23.07.2018,"186,513"
22.07.2018,"189,490"
20.07.2018,"189,632"
19.07.2018,"189,193"
18.07.2018,"189,354"
17.07.2018,"189,503"
16.07.2018,"193,621"
15.07.2018,"193,816"
13.07.2018,"193,831"
12.07.2018,"195,044"
11.07.2018,"195,446"
10.07.2018,"190,416"
09.07.2018,"191,475"
08.07.2018,"185,002"
06.07.2018,"184,572"
05.07.2018,"186,288"
04.07.2018,"188,961"
03.07.2018,"188,636"
02.07.2018,"184,276"
01.07.2018,"185,215"
29.06.2018,"184,746"
28.06.2018,"184,368"
27.06.2018,"186,200"
26.06.2018,"186,681"
25.06.2018,"190,825"
24.06.2018,"188,496"
22.06.2018,"191,062"
21.06.2018,"193,118"
20.06.2018,"193,688"
19.06.2018,"194,365"
18.06.2018,"193,973"
17.06.2018,"195,287"
15.06.2018,"194,589"
14.06.2018,"198,522"
13.06.2018,"194,788"
12.06.2018,"191,107"
11.06.2018,"188,718"
10.06.2018,"187,300"
08.06.2018,"186,612"
07.06.2018,"186,906"
06.06.2018,"190,214"
05.06.2018,"191,533"
04.06.2018,"190,425"
03.06.2018,"193,162"
01.06.2018,"193,668"
31.05.2018,"189,298"
30.05.2018,"187,170"
29.05.2018,"191,078"
28.05.2018,"191,287"
27.05.2018,"196,464"
25.05.2018,"196,855"
24.05.2018,"199,510"
23.05.2018,"190,559"
22.05.2018,"196,961"
21.05.2018,"190,368"
20.05.2018,"186,793"
18.05.2018,"186,755"
17.05.2018,"184,983"
16.05.2018,"184,011"
15.05.2018,"185,167"
14.05.2018,"183,975"
13.05.2018,"183,069"
11.05.2018,"182,895"
10.05.2018,"180,033"
09.05.2018,"180,958"
08.05.2018,"184,142"
07.05.2018,"180,441"
06.05.2018,"179,369"
04.05.2018,"178,811"
03.05.2018,"178,308"
02.05.2018,"175,657"
01.05.2018,"172,459"
30.04.2018,"171,642"
29.04.2018,"172,517"
27.04.2018,"172,002"
26.04.2018,"172,473"
25.04.2018,"173,585"
24.04.2018,"175,058"
23.04.2018,"174,974"
22.04.2018,"174,839"
20.04.2018,"175,047"
19.04.2018,"174,938"
18.04.2018,"174,505"
17.04.2018,"177,199"
16.04.2018,"177,566"
15.04.2018,"176,859"
13.04.2018,"177,203"
12.04.2018,"177,032"
11.04.2018,"180,168"
10.04.2018,"177,347"
09.04.2018,"175,161"
08.04.2018,"173,438"
06.04.2018,"173,406"
05.04.2018,"173,305"
04.04.2018,"171,511"
03.04.2018,"171,090"
02.04.2018,"171,691"
01.04.2018,"168,725"
29.03.2018,"167,994"
28.03.2018,"171,184"
27.03.2018,"172,211"
26.03.2018,"172,545"
25.03.2018,"172,645"
23.03.2018,"172,610"
22.03.2018,"170,413"
21.03.2018,"167,446"
20.03.2018,"165,651"
19.03.2018,"167,034"
18.03.2018,"165,634"
16.03.2018,"165,583"
15.03.2018,"164,800"
14.03.2018,"165,392"
13.03.2018,"165,080"
12.03.2018,"163,780"
11.03.2018,"162,206"
09.03.2018,"162,159"
08.03.2018,"162,441"
07.03.2018,"162,144"
06.03.2018,"163,571"
05.03.2018,"161,839"
04.03.2018,"162,148"
02.03.2018,"161,952"
01.03.2018,"161,293"
28.02.2018,"161,045"
27.02.2018,"161,639"
26.02.2018,"162,188"
25.02.2018,"161,689"
23.02.2018,"161,927"
22.02.2018,"161,854"
21.02.2018,"161,793"
20.02.2018,"162,444"
19.02.2018,"162,593"
18.02.2018,"162,443"
16.02.2018,"162,338"
15.02.2018,"163,942"
14.02.2018,"164,565"
13.02.2018,"163,076"
12.02.2018,"161,536"
11.02.2018,"161,572"
09.02.2018,"161,613"
08.02.2018,"162,552"
07.02.2018,"161,359"
06.02.2018,"160,596"
05.02.2018,"163,245"
04.02.2018,"161,677"
02.02.2018,"161,553"
01.02.2018,"161,953"
31.01.2018,"162,522"
30.01.2018,"162,640"
29.01.2018,"163,325"
28.01.2018,"162,960"
26.01.2018,"162,744"
25.01.2018,"162,832"
24.01.2018,"163,548"
23.01.2018,"162,609"
22.01.2018,"161,922"
21.01.2018,"164,369"
19.01.2018,"163,006"
18.01.2018,"161,032"
17.01.2018,"163,081"
16.01.2018,"163,889"
15.01.2018,"163,978"
14.01.2018,"161,489"
12.01.2018,"161,236"
11.01.2018,"160,515"
10.01.2018,"160,962"
09.01.2018,"158,847"
08.01.2018,"158,705"
07.01.2018,"158,426"
05.01.2018,"158,396"
04.01.2018,"159,309"
03.01.2018,"159,415"
02.01.2018,"159,868"
29.12.2017,"159,207"
28.12.2017,"157,177"
27.12.2017,"157,955"
26.12.2017,"156,990"
25.12.2017,"155,901"
22.12.2017,"156,151"
21.12.2017,"155,672"
20.12.2017,"155,716"
19.12.2017,"155,663"
18.12.2017,"155,336"
17.12.2017,"155,448"
15.12.2017,"155,989"
14.12.2017,"156,574"
13.12.2017,"153,789"
12.12.2017,"153,797"
11.12.2017,"153,171"
10.12.2017,"154,057"
08.12.2017,"153,963"
07.12.2017,"154,953"
06.12.2017,"156,530"
05.12.2017,"156,417"
04.12.2017,"159,095"
03.12.2017,"160,825"
01.12.2017,"161,114"
30.11.2017,"160,609"
29.11.2017,"163,398"
28.11.2017,"164,993"
27.11.2017,"162,582"
26.11.2017,"163,613"
24.11.2017,"163,878"
23.11.2017,"162,858"
22.11.2017,"162,649"
21.11.2017,"163,245"
20.11.2017,"161,677"
19.11.2017,"160,924"
17.11.2017,"161,293"
16.11.2017,"158,942"
15.11.2017,"159,731"
14.11.2017,"160,167"
13.11.2017,"158,982"
12.11.2017,"158,394"
10.11.2017,"158,545"
09.11.2017,"159,823"
08.11.2017,"159,336"
07.11.2017,"159,626"
06.11.2017,"157,595"
05.11.2017,"158,624"
03.11.2017,"158,747"
02.11.2017,"156,118"
01.11.2017,"156,536"
31.10.2017,"154,733"
30.10.2017,"155,231"
29.10.2017,"154,944"
27.10.2017,"155,099"
26.10.2017,"155,621"
25.10.2017,"154,657"
24.10.2017,"153,359"
23.10.2017,"153,174"
22.10.2017,"151,197"
20.10.2017,"151,118"
19.10.2017,"151,509"
18.10.2017,"151,278"
17.10.2017,"151,599"
16.10.2017,"151,864"
15.10.2017,"152,198"
13.10.2017,"152,311"
12.10.2017,"152,207"
11.10.2017,"151,467"
10.10.2017,"153,766"
09.10.2017,"152,935"
08.10.2017,"152,401"
06.10.2017,"148,312"
05.10.2017,"146,398"
04.10.2017,"146,413"
03.10.2017,"146,232"
02.10.2017,"145,908"
01.10.2017,"146,519"
29.09.2017,"146,656"
28.09.2017,"147,300"
27.09.2017,"147,719"
26.09.2017,"147,351"
25.09.2017,"149,118"
24.09.2017,"145,438"
22.09.2017,"145,920"
21.09.2017,"145,660"
20.09.2017,"146,413"
19.09.2017,"147,030"
18.09.2017,"146,841"
15.09.2017,"145,979"
14.09.2017,"147,273"
13.09.2017,"147,117"
12.09.2017,"146,954"
11.09.2017,"145,626"
10.09.2017,"146,679"
08.09.2017,"147,703"
07.09.2017,"147,657"
06.09.2017,"146,991"
05.09.2017,"148,338"
04.09.2017,"147,069"
03.09.2017,"147,391"
01.09.2017,"146,017"
31.08.2017,"146,661"
30.08.2017,"145,253"
29.08.2017,"145,144"
28.08.2017,"146,479"
27.08.2017,"143,166"
25.08.2017,"142,738"
24.08.2017,"144,179"
23.08.2017,"144,523"
22.08.2017,"144,287"
21.08.2017,"145,242"
20.08.2017,"145,174"
18.08.2017,"145,331"
17.08.2017,"146,220"
16.08.2017,"145,099"
15.08.2017,"144,761"
14.08.2017,"145,030"
13.08.2017,"146,541"
11.08.2017,"146,567"
10.08.2017,"146,576"
09.08.2017,"145,178"
08.08.2017,"143,298"
07.08.2017,"142,741"
06.08.2017,"142,801"
04.08.2017,"142,809"
03.08.2017,"144,504"
02.08.2017,"143,803"
01.08.2017,"143,867"
31.07.2017,"143,615"
30.07.2017,"144,310"
28.07.2017,"144,022"
27.07.2017,"143,326"
26.07.2017,"143,224"
25.07.2017,"143,213"
24.07.2017,"143,368"
23.07.2017,"142,692"
21.07.2017,"142,682"
20.07.2017,"141,116"
19.07.2017,"140,618"
18.07.2017,"140,861"
17.07.2017,"139,948"
16.07.2017,"139,868"
14.07.2017,"139,755"
13.07.2017,"139,642"
12.07.2017,"139,971"
11.07.2017,"141,624"
10.07.2017,"140,802"
09.07.2017,"141,282"
07.07.2017,"141,075"
06.07.2017,"142,442"
05.07.2017,"142,320"
04.07.2017,"140,356"
03.07.2017,"139,875"
02.07.2017,"140,555"
30.06.2017,"140,533"
29.06.2017,"141,281"
28.06.2017,"141,144"
27.06.2017,"141,575"
26.06.2017,"139,964"
25.06.2017,"141,769"
23.06.2017,"141,772"
22.06.2017,"141,381"
21.06.2017,"141,814"
20.06.2017,"141,900"
19.06.2017,"140,902"
18.06.2017,"141,272"
16.06.2017,"141,168"
15.06.2017,"141,761"
14.06.2017,"141,733"
13.06.2017,"143,397"
12.06.2017,"143,058"
11.06.2017,"144,286"
09.06.2017,"143,972"
08.06.2017,"145,374"
07.06.2017,"146,708"
06.06.2017,"146,194"
05.06.2017,"145,099"
04.06.2017,"144,312"
02.06.2017,"144,268"
01.06.2017,"143,573"
31.05.2017,"143,964"
30.05.2017,"144,258"
29.05.2017,"145,857"
28.05.2017,"145,921"
26.05.2017,"145,844"
25.05.2017,"144,014"
24.05.2017,"143,944"
23.05.2017,"143,833"
22.05.2017,"144,845"
21.05.2017,"144,755"
19.05.2017,"144,322"
18.05.2017,"145,501"
17.05.2017,"145,330"
16.05.2017,"141,635"
15.05.2017,"140,471"
14.05.2017,"141,291"
12.05.2017,"141,044"
11.05.2017,"140,932"
10.05.2017,"140,378"
09.05.2017,"142,555"
08.05.2017,"141,552"
07.05.2017,"140,579"
05.05.2017,"139,889"
04.05.2017,"140,276"
03.05.2017,"140,760"
02.05.2017,"142,386"
01.05.2017,"143,618"
30.04.2017,"145,143"
28.04.2017,"144,817"
27.04.2017,"144,864"
26.04.2017,"145,599"
25.04.2017,"145,502"
24.04.2017,"146,918"
23.04.2017,"148,047"
21.04.2017,"150,340"
20.04.2017,"150,029"
19.04.2017,"151,161"
18.04.2017,"151,600"
17.04.2017,"152,758"
16.04.2017,"151,387"
13.04.2017,"151,668"
12.04.2017,"151,016"
11.04.2017,"151,660"
10.04.2017,"150,600"
09.04.2017,"150,484"
07.04.2017,"150,344"
06.04.2017,"149,245"
05.04.2017,"149,957"
04.04.2017,"148,500"
03.04.2017,"147,173"
02.04.2017,"145,853"
31.03.2017,"145,972"
30.03.2017,"146,163"
29.03.2017,"146,798"
28.03.2017,"147,043"
27.03.2017,"145,690"
26.03.2017,"145,082"
24.03.2017,"144,575"
23.03.2017,"145,542"
22.03.2017,"144,875"
21.03.2017,"145,579"
20.03.2017,"143,866"
19.03.2017,"143,689"
17.03.2017,"143,780"
16.03.2017,"143,102"
15.03.2017,"144,225"
14.03.2017,"144,399"
13.03.2017,"144,669"
12.03.2017,"145,087"
10.03.2017,"144,603"
09.03.2017,"145,585"
08.03.2017,"145,543"
07.03.2017,"143,890"
06.03.2017,"146,463"
05.03.2017,"147,689"
03.03.2017,"147,005"
02.03.2017,"148,101"
01.03.2017,"146,441"
28.02.2017,"145,992"
27.02.2017,"145,399"
26.02.2017,"145,407"
24.02.2017,"145,828"
23.02.2017,"143,368"
22.02.2017,"142,517"
21.02.2017,"143,979"
20.02.2017,"144,204"
19.02.2017,"144,341"
17.02.2017,"144,144"
16.02.2017,"146,031"
15.02.2017,"145,012"
14.02.2017,"144,286"
13.02.2017,"144,762"
12.02.2017,"146,101"
10.02.2017,"146,572"
09.02.2017,"145,321"
08.02.2017,"147,973"
07.02.2017,"148,282"
06.02.2017,"146,255"
05.02.2017,"145,466"
03.02.2017,"144,909"
02.02.2017,"146,028"
01.02.2017,"146,775"
31.01.2017,"147,012"
30.01.2017,"145,373"
29.01.2017,"148,559"
27.01.2017,"148,211"
26.01.2017,"147,539"
25.01.2017,"147,987"
24.01.2017,"147,103"
23.01.2017,"147,005"
22.01.2017,"147,394"
20.01.2017,"146,518"
19.01.2017,"148,179"
18.01.2017,"147,278"
17.01.2017,"146,988"
16.01.2017,"147,448"
15.01.2017,"144,683"
13.01.2017,"143,402"
12.01.2017,"144,810"
11.01.2017,"148,678"
10.01.2017,"144,879"
09.01.2017,"141,212"
08.01.2017,"137,505"
06.01.2017,"137,393"
05.01.2017,"136,466"
04.01.2017,"133,865"
03.01.2017,"133,668"
02.01.2017,"131,077"
30.12.2016,"130,679"
29.12.2016,"131,244"
28.12.2016,"129,958"
27.12.2016,"129,043"
26.12.2016,"127,988"
23.12.2016,"128,135"
22.12.2016,"127,416"
21.12.2016,"127,647"
20.12.2016,"128,224"
19.12.2016,"129,380"
18.12.2016,"127,791"
16.12.2016,"127,922"
15.12.2016,"127,281"
14.12.2016,"129,978"
13.12.2016,"130,025"
12.12.2016,"129,893"
11.12.2016,"130,831"
09.12.2016,"129,719"
08.12.2016,"129,946"
07.12.2016,"128,058"
06.12.2016,"129,564"
05.12.2016,"132,585"
04.12.2016,"134,546"
02.12.2016,"133,127"
01.12.2016,"132,093"
30.11.2016,"129,556"
29.11.2016,"130,359"
28.11.2016,"131,067"
27.11.2016,"131,762"
25.11.2016,"131,124"
24.11.2016,"132,125"
23.11.2016,"129,949"
22.11.2016,"131,948"
21.11.2016,"131,303"
20.11.2016,"131,074"
18.11.2016,"130,810"
17.11.2016,"131,865"
16.11.2016,"130,955"
15.11.2016,"129,779"
14.11.2016,"129,478"
13.11.2016,"128,275"
11.11.2016,"128,293"
10.11.2016,"131,737"
09.11.2016,"131,731"
08.11.2016,"129,535"
07.11.2016,"130,669"
06.11.2016,"130,675"
04.11.2016,"132,440"
03.11.2016,"130,451"
02.11.2016,"130,000"
01.11.2016,"128,966"
31.10.2016,"127,068"
30.10.2016,"127,867"
28.10.2016,"127,465"
27.10.2016,"127,042"
26.10.2016,"125,502"
25.10.2016,"125,847"
24.10.2016,"125,221"
23.10.2016,"125,464"
21.10.2016,"125,395"
20.10.2016,"124,505"
19.10.2016,"124,969"
18.10.2016,"125,775"
17.10.2016,"125,017"
16.10.2016,"124,626"
14.10.2016,"124,288"
13.10.2016,"124,711"
12.10.2016,"124,441"
11.10.2016,"124,357"
10.10.2016,"124,274"
09.10.2016,"123,587"
07.10.2016,"123,298"
06.10.2016,"122,837"
05.10.2016,"124,609"
04.10.2016,"124,794"
03.10.2016,"127,422"
02.10.2016,"127,000"
30.09.2016,"126,989"
29.09.2016,"127,459"
28.09.2016,"126,774"
27.09.2016,"126,873"
26.09.2016,"128,214"
25.09.2016,"128,637"
23.09.2016,"127,522"
22.09.2016,"126,517"
21.09.2016,"126,701"
20.09.2016,"125,971"
19.09.2016,"125,754"
18.09.2016,"125,581"
16.09.2016,"125,555"
15.09.2016,"125,677"
14.09.2016,"126,773"
13.09.2016,"126,761"
12.09.2016,"127,034"
11.09.2016,"126,941"
09.09.2016,"126,786"
08.09.2016,"127,031"
07.09.2016,"126,857"
06.09.2016,"126,798"
05.09.2016,"125,739"
04.09.2016,"125,517"
02.09.2016,"125,702"
01.09.2016,"125,195"
31.08.2016,"124,558"
30.08.2016,"125,047"
29.08.2016,"125,660"
28.08.2016,"125,488"
26.08.2016,"125,549"
25.08.2016,"124,746"
24.08.2016,"125,858"
23.08.2016,"126,899"
22.08.2016,"126,527"
21.08.2016,"126,188"
19.08.2016,"126,334"
18.08.2016,"127,110"
17.08.2016,"126,937"
16.08.2016,"126,953"
15.08.2016,"126,891"
14.08.2016,"127,446"
12.08.2016,"127,103"
11.08.2016,"127,458"
10.08.2016,"128,135"
09.08.2016,"128,102"
08.08.2016,"128,065"
07.08.2016,"128,481"
05.08.2016,"128,909"
04.08.2016,"131,717"
03.08.2016,"131,421"
02.08.2016,"131,213"
01.08.2016,"130,060"
31.07.2016,"129,570"
29.07.2016,"129,808"
28.07.2016,"129,418"
27.07.2016,"129,906"
26.07.2016,"128,986"
25.07.2016,"128,504"
24.07.2016,"130,115"
22.07.2016,"130,486"
21.07.2016,"131,412"
20.07.2016,"130,361"
19.07.2016,"130,522"
18.07.2016,"127,386"
17.07.2016,"127,148"
15.07.2016,"129,907"
14.07.2016,"123,861"
13.07.2016,"125,469"
12.07.2016,"123,883"
11.07.2016,"126,481"
10.07.2016,"127,531"
08.07.2016,"127,120"
07.07.2016,"128,535"
06.07.2016,"129,107"
05.07.2016,"128,272"
04.07.2016,"126,132"
03.07.2016,"125,338"
01.07.2016,"125,264"
30.06.2016,"122,499"
29.06.2016,"122,306"
28.06.2016,"122,814"
27.06.2016,"125,101"
26.06.2016,"126,112"
24.06.2016,"123,854"
23.06.2016,"116,924"
22.06.2016,"117,328"
21.06.2016,"118,843"
20.06.2016,"120,207"
19.06.2016,"120,787"
17.06.2016,"122,180"
16.06.2016,"120,768"
15.06.2016,"121,591"
14.06.2016,"121,250"
13.06.2016,"120,522"
12.06.2016,"120,412"
10.06.2016,"120,047"
09.06.2016,"117,829"
08.06.2016,"117,606"
07.06.2016,"115,884"
06.06.2016,"116,329"
05.06.2016,"116,727"
03.06.2016,"116,212"
02.06.2016,"114,553"
01.06.2016,"114,834"
31.05.2016,"115,358"
30.05.2016,"114,952"
29.05.2016,"114,999"
27.05.2016,"115,483"
26.05.2016,"115,456"
25.05.2016,"115,764"
24.05.2016,"116,177"
23.05.2016,"120,353"
22.05.2016,"119,863"
20.05.2016,"119,790"
19.05.2016,"120,798"
18.05.2016,"121,143"
17.05.2016,"122,111"
16.05.2016,"122,007"
15.05.2016,"121,772"
13.05.2016,"121,615"
12.05.2016,"120,668"
11.05.2016,"121,337"
10.05.2016,"119,981"
09.05.2016,"119,513"
08.05.2016,"120,949"
06.05.2016,"121,279"
05.05.2016,"120,287"
04.05.2016,"121,904"
03.05.2016,"117,758"
02.05.2016,"116,318"
01.05.2016,"116,356"
29.04.2016,"116,294"
28.04.2016,"114,482"
27.04.2016,"112,935"
26.04.2016,"112,764"
25.04.2016,"113,238"
24.04.2016,"112,945"
22.04.2016,"112,880"
21.04.2016,"113,791"
20.04.2016,"112,618"
19.04.2016,"113,769"
18.04.2016,"112,279"
17.04.2016,"113,564"
15.04.2016,"113,251"
14.04.2016,"112,693"
13.04.2016,"113,550"
12.04.2016,"114,327"
11.04.2016,"114,409"
10.04.2016,"114,091"
08.04.2016,"113,584"
07.04.2016,"114,091"
06.04.2016,"111,945"
05.04.2016,"112,076"
04.04.2016,"109,869"
03.04.2016,"110,833"
01.04.2016,"111,008"
31.03.2016,"111,576"
30.03.2016,"111,846"
29.03.2016,"113,218"
28.03.2016,"112,771"
27.03.2016,"112,262"
24.03.2016,"112,412"
23.03.2016,"113,084"
22.03.2016,"115,123"
21.03.2016,"114,502"
20.03.2016,"115,708"
18.03.2016,"115,726"
17.03.2016,"115,173"
16.03.2016,"116,201"
15.03.2016,"114,885"
14.03.2016,"114,140"
13.03.2016,"115,723"
11.03.2016,"115,396"
10.03.2016,"118,223"
09.03.2016,"116,632"
08.03.2016,"118,314"
07.03.2016,"118,927"
06.03.2016,"118,075"
04.03.2016,"117,639"
03.03.2016,"117,934"
02.03.2016,"116,725"
01.03.2016,"116,340"
29.02.2016,"118,201"
28.02.2016,"117,417"
26.02.2016,"117,661"
25.02.2016,"116,171"
24.02.2016,"115,590"
23.02.2016,"116,437"
22.02.2016,"114,136"
21.02.2016,"116,338"
19.02.2016,"116,492"
18.02.2016,"117,460"
17.02.2016,"114,748"
16.02.2016,"115,158"
15.02.2016,"114,540"
14.02.2016,"116,443"
12.02.2016,"116,543"
11.02.2016,"117,017"
10.02.2016,"112,577"
09.02.2016,"112,433"
08.02.2016,"112,848"
07.02.2016,"109,315"
05.02.2016,"110,042"
04.02.2016,"108,262"
03.02.2016,"107,041"
02.02.2016,"107,092"
01.02.2016,"106,935"
31.01.2016,"106,233"
29.01.2016,"106,182"
28.01.2016,"106,452"
27.01.2016,"108,574"
26.01.2016,"108,289"
25.01.2016,"107,730"
24.01.2016,"106,090"
22.01.2016,"105,915"
21.01.2016,"106,813"
20.01.2016,"107,529"
19.01.2016,"106,269"
18.01.2016,"106,289"
17.01.2016,"106,897"
15.01.2016,"106,721"
14.01.2016,"104,794"
13.01.2016,"106,638"
12.01.2016,"105,999"
11.01.2016,"107,027"
10.01.2016,"108,073"
08.01.2016,"107,265"
07.01.2016,"107,053"
06.01.2016,"105,519"
05.01.2016,"103,504"
04.01.2016,"102,323"
03.01.2016,"99,844"
31.12.2015,"99,428"
30.12.2015,"99,774"
29.12.2015,"99,940"
28.12.2015,"99,823"
27.12.2015,"100,874"
24.12.2015,"101,039"
23.12.2015,"100,640"
22.12.2015,"101,179"
21.12.2015,"100,897"
20.12.2015,"99,728"
18.12.2015,"99,663"
17.12.2015,"99,112"
16.12.2015,"101,001"
15.12.2015,"101,149"
14.12.2015,"101,921"
13.12.2015,"102,368"
11.12.2015,"103,070"
10.12.2015,"100,833"
09.12.2015,"100,436"
08.12.2015,"100,711"
07.12.2015,"100,301"
06.12.2015,"100,710"
04.12.2015,"101,090"
03.12.2015,"98,573"
02.12.2015,"97,900"
01.12.2015,"99,416"
30.11.2015,"99,642"
29.11.2015,"99,515"
27.11.2015,"99,555"
26.11.2015,"100,956"
25.11.2015,"99,411"
24.11.2015,"99,442"
23.11.2015,"98,054"
22.11.2015,"97,943"
20.11.2015,"98,035"
19.11.2015,"98,948"
18.11.2015,"98,594"
17.11.2015,"98,668"
16.11.2015,"100,484"
15.11.2015,"100,786"
13.11.2015,"99,810"
12.11.2015,"99,845"
11.11.2015,"100,438"
10.11.2015,"102,167"
09.11.2015,"102,624"
08.11.2015,"102,459"
06.11.2015,"102,069"
05.11.2015,"101,755"
04.11.2015,"102,205"
03.11.2015,"101,892"
02.11.2015,"102,933"
01.11.2015,"104,443"
30.10.2015,"107,048"
29.10.2015,"108,348"
28.10.2015,"108,819"
27.10.2015,"108,969"
26.10.2015,"108,151"
23.10.2015,"108,871"
22.10.2015,"107,687"
21.10.2015,"108,556"
20.10.2015,"109,805"
19.10.2015,"109,218"
18.10.2015,"109,667"
16.10.2015,"109,505"
15.10.2015,"109,559"
14.10.2015,"110,992"
13.10.2015,"111,184"
12.10.2015,"109,412"
11.10.2015,"109,059"
09.10.2015,"108,264"
08.10.2015,"106,143"
07.10.2015,"108,259"
06.10.2015,"109,055"
05.10.2015,"108,929"
04.10.2015,"109,586"
02.10.2015,"109,476"
01.10.2015,"108,408"
30.09.2015,"108,484"
29.09.2015,"110,022"
28.09.2015,"111,285"
27.09.2015,"112,427"
25.09.2015,"112,256"
24.09.2015,"112,724"
23.09.2015,"110,662"
22.09.2015,"109,448"
21.09.2015,"109,396"
20.09.2015,"109,940"
18.09.2015,"110,049"
17.09.2015,"109,390"
16.09.2015,"108,003"
15.09.2015,"107,715"
14.09.2015,"109,077"
13.09.2015,"108,072"
11.09.2015,"108,491"
10.09.2015,"107,930"
09.09.2015,"108,556"
08.09.2015,"108,724"
07.09.2015,"109,251"
06.09.2015,"109,509"
04.09.2015,"108,487"
03.09.2015,"107,586"
02.09.2015,"107,210"
01.09.2015,"107,428"
31.08.2015,"106,440"
30.08.2015,"106,294"
28.08.2015,"106,556"
27.08.2015,"105,465"
26.08.2015,"105,891"
25.08.2015,"108,457"
24.08.2015,"109,370"
23.08.2015,"110,496"
21.08.2015,"108,862"
20.08.2015,"108,452"
19.08.2015,"106,710"
18.08.2015,"104,031"
17.08.2015,"103,016"
16.08.2015,"101,571"
14.08.2015,"101,641"
13.08.2015,"101,197"
12.08.2015,"100,397"
11.08.2015,"99,083"
10.08.2015,"98,417"
09.08.2015,"97,654"
07.08.2015,"97,754"
06.08.2015,"97,249"
05.08.2015,"97,218"
04.08.2015,"97,087"
03.08.2015,"96,875"
02.08.2015,"97,305"
31.07.2015,"97,604"
30.07.2015,"97,555"
29.07.2015,"97,634"
28.07.2015,"97,226"
27.07.2015,"97,390"
26.07.2015,"96,937"
24.07.2015,"96,726"
23.07.2015,"95,938"
22.07.2015,"95,302"
21.07.2015,"94,913"
20.07.2015,"95,261"
19.07.2015,"96,753"
17.07.2015,"96,725"
16.07.2015,"97,825"
15.07.2015,"97,738"
14.07.2015,"97,863"
13.07.2015,"98,474"
12.07.2015,"99,854"
10.07.2015,"99,723"
09.07.2015,"99,638"
08.07.2015,"99,918"
07.07.2015,"99,762"
06.07.2015,"100,809"
05.07.2015,"102,459"
03.07.2015,"101,202"
02.07.2015,"100,681"
01.07.2015,"101,146"
30.06.2015,"101,136"
29.06.2015,"102,592"
28.06.2015,"102,990"
26.06.2015,"100,731"
25.06.2015,"100,257"
24.06.2015,"101,234"
23.06.2015,"101,470"
22.06.2015,"101,723"
21.06.2015,"103,894"
19.06.2015,"103,985"
18.06.2015,"104,823"
17.06.2015,"103,337"
16.06.2015,"103,923"
15.06.2015,"104,341"
14.06.2015,"103,462"
12.06.2015,"103,081"
11.06.2015,"102,728"
10.06.2015,"104,297"
09.06.2015,"104,188"
08.06.2015,"103,815"
07.06.2015,"103,759"
05.06.2015,"100,269"
04.06.2015,"101,118"
03.06.2015,"102,391"
02.06.2015,"102,595"
01.06.2015,"102,566"
31.05.2015,"101,944"
29.05.2015,"101,953"
28.05.2015,"101,558"
27.05.2015,"100,893"
26.05.2015,"100,851"
25.05.2015,"101,534"
24.05.2015,"100,707"
22.05.2015,"100,803"
21.05.2015,"100,504"
20.05.2015,"100,359"
19.05.2015,"100,942"
18.05.2015,"101,665"
17.05.2015,"101,417"
15.05.2015,"101,428"
14.05.2015,"101,793"
13.05.2015,"102,666"
12.05.2015,"102,047"
11.05.2015,"102,513"
10.05.2015,"102,999"
08.05.2015,"102,880"
07.05.2015,"102,396"
06.05.2015,"103,140"
05.05.2015,"104,040"
04.05.2015,"103,728"
03.05.2015,"102,794"
01.05.2015,"102,571"
30.04.2015,"101,891"
29.04.2015,"103,024"
28.04.2015,"103,568"
27.04.2015,"103,344"
26.04.2015,"103,223"
24.04.2015,"103,771"
23.04.2015,"103,771"
22.04.2015,"103,771"
21.04.2015,"103,771"
20.04.2015,"103,718"
19.04.2015,"104,019"
17.04.2015,"103,735"
16.04.2015,"103,411"
15.04.2015,"104,520"
14.04.2015,"103,174"
13.04.2015,"102,912"
12.04.2015,"102,078"
10.04.2015,"102,062"
09.04.2015,"100,649"
08.04.2015,"100,396"
07.04.2015,"101,126"
06.04.2015,"100,457"
05.04.2015,"100,510"
02.04.2015,"99,925"
01.04.2015,"100,599"
31.03.2015,"98,896"
30.03.2015,"99,382"
29.03.2015,"100,605"
27.03.2015,"100,642"
26.03.2015,"100,798"
25.03.2015,"99,400"
24.03.2015,"97,981"
23.03.2015,"97,244"
22.03.2015,"98,400"
20.03.2015,"97,874"
19.03.2015,"98,115"
18.03.2015,"96,935"
17.03.2015,"96,630"
16.03.2015,"97,592"
15.03.2015,"98,123"
13.03.2015,"98,288"
12.03.2015,"96,018"
11.03.2015,"97,081"
10.03.2015,"98,667"
09.03.2015,"97,675"
08.03.2015,"98,726"
06.03.2015,"98,534"
05.03.2015,"100,624"
04.03.2015,"99,142"
03.03.2015,"98,203"
02.03.2015,"97,871"
01.03.2015,"97,872"
27.02.2015,"97,824"
26.02.2015,"97,506"
25.02.2015,"96,441"
24.02.2015,"95,472"
23.02.2015,"95,719"
22.02.2015,"94,993"
20.02.2015,"94,891"
19.02.2015,"95,440"
18.02.2015,"95,364"
17.02.2015,"95,406"
16.02.2015,"97,303"
15.02.2015,"97,106"
13.02.2015,"97,121"
12.02.2015,"97,121"
11.02.2015,"98,087"
10.02.2015,"99,009"
09.02.2015,"98,608"
08.02.2015,"98,420"
06.02.2015,"98,146"
05.02.2015,"99,187"
04.02.2015,"100,677"
03.02.2015,"97,454"
02.02.2015,"99,662"
01.02.2015,"100,630"
30.01.2015,"100,761"
29.01.2015,"97,974"
28.01.2015,"98,668"
27.01.2015,"98,348"
26.01.2015,"96,990"
25.01.2015,"98,588"
23.01.2015,"97,787"
22.01.2015,"97,341"
21.01.2015,"97,625"
20.01.2015,"97,534"
19.01.2015,"95,723"
18.01.2015,"95,916"
16.01.2015,"95,819"
15.01.2015,"93,699"
14.01.2015,"90,347"
13.01.2015,"90,537"
12.01.2015,"90,479"
11.01.2015,"90,429"
09.01.2015,"90,245"
08.01.2015,"89,329"
07.01.2015,"90,400"
06.01.2015,"90,931"
05.01.2015,"90,208"
04.01.2015,"89,222"
02.01.2015,"89,601"
01.01.2015,"89,020"
31.12.2014,"88,769"
30.12.2014,"89,751"
29.12.2014,"88,085"
28.12.2014,"89,084"
26.12.2014,"89,128"
25.12.2014,"87,774"
24.12.2014,"87,500"
23.12.2014,"87,956"
22.12.2014,"87,361"
21.12.2014,"88,959"
19.12.2014,"88,918"
18.12.2014,"89,429"
17.12.2014,"89,468"
16.12.2014,"90,997"
15.12.2014,"90,787"
14.12.2014,"90,527"
12.12.2014,"90,363"
11.12.2014,"89,903"
10.12.2014,"89,561"
09.12.2014,"89,563"
08.12.2014,"87,759"
07.12.2014,"86,432"
05.12.2014,"86,694"
04.12.2014,"86,550"
03.12.2014,"87,015"
02.12.2014,"85,930"
01.12.2014,"85,880"
30.11.2014,"82,245"
28.11.2014,"83,353"
27.11.2014,"84,413"
26.11.2014,"85,119"
25.11.2014,"85,727"
24.11.2014,"85,837"
23.11.2014,"85,862"
21.11.2014,"85,833"
20.11.2014,"85,217"
19.11.2014,"84,897"
18.11.2014,"85,348"
17.11.2014,"85,110"
16.11.2014,"84,802"
14.11.2014,"85,230"
13.11.2014,"83,710"
12.11.2014,"83,887"
11.11.2014,"84,306"
10.11.2014,"83,926"
09.11.2014,"84,967"
07.11.2014,"85,454"
06.11.2014,"83,117"
05.11.2014,"82,550"
04.11.2014,"83,513"
03.11.2014,"83,721"
02.11.2014,"83,544"
31.10.2014,"83,814"
30.10.2014,"84,863"
29.10.2014,"86,385"
28.10.2014,"87,214"
27.10.2014,"87,927"
26.10.2014,"88,149"
24.10.2014,"88,301"
23.10.2014,"88,533"
22.10.2014,"89,752"
21.10.2014,"90,110"
20.10.2014,"89,861"
19.10.2014,"89,181"
17.10.2014,"89,405"
16.10.2014,"90,075"
15.10.2014,"90,558"
14.10.2014,"89,869"
13.10.2014,"90,223"
12.10.2014,"90,456"
10.10.2014,"90,013"
09.10.2014,"89,330"
08.10.2014,"88,740"
07.10.2014,"88,512"
06.10.2014,"88,001"
05.10.2014,"87,493"
03.10.2014,"87,874"
02.10.2014,"88,483"
01.10.2014,"89,244"
30.09.2014,"88,501"
29.09.2014,"89,187"
28.09.2014,"88,605"
26.09.2014,"88,573"
25.09.2014,"88,877"
24.09.2014,"87,472"
23.09.2014,"87,918"
22.09.2014,"87,537"
21.09.2014,"87,390"
19.09.2014,"87,366"
18.09.2014,"87,650"
17.09.2014,"87,705"
16.09.2014,"87,521"
15.09.2014,"87,787"
14.09.2014,"87,735"
12.09.2014,"87,760"
11.09.2014,"87,737"
10.09.2014,"88,073"
09.09.2014,"88,649"
08.09.2014,"87,770"
07.09.2014,"87,937"
05.09.2014,"88,069"
04.09.2014,"87,593"
03.09.2014,"88,123"
02.09.2014,"88,531"
01.09.2014,"89,329"
31.08.2014,"89,413"
29.08.2014,"89,526"
28.08.2014,"89,650"
27.08.2014,"88,916"
26.08.2014,"89,218"
25.08.2014,"89,412"
24.08.2014,"89,557"
22.08.2014,"89,566"
21.08.2014,"89,473"
20.08.2014,"90,600"
19.08.2014,"90,092"
18.08.2014,"90,319"
17.08.2014,"90,737"
15.08.2014,"90,918"
14.08.2014,"90,898"
13.08.2014,"90,930"
12.08.2014,"91,064"
11.08.2014,"90,402"
08.08.2014,"90,424"
07.08.2014,"91,453"
06.08.2014,"90,695"
05.08.2014,"89,181"
04.08.2014,"88,262"
03.08.2014,"88,737"
01.08.2014,"88,701"
31.07.2014,"88,355"
30.07.2014,"88,934"
29.07.2014,"88,338"
28.07.2014,"88,012"
27.07.2014,"87,933"
25.07.2014,"88,066"
24.07.2014,"86,971"
23.07.2014,"87,573"
22.07.2014,"88,595"
21.07.2014,"89,316"
20.07.2014,"89,566"
18.07.2014,"89,489"
17.07.2014,"90,842"
16.07.2014,"88,613"
15.07.2014,"88,458"
14.07.2014,"89,096"
13.07.2014,"91,263"
11.07.2014,"91,118"
10.07.2014,"91,227"
09.07.2014,"90,265"
08.07.2014,"90,063"
07.07.2014,"90,226"
06.07.2014,"90,341"
04.07.2014,"90,601"
03.07.2014,"90,313"
02.07.2014,"90,792"
01.07.2014,"90,719"
30.06.2014,"90,343"
29.06.2014,"89,829"
27.06.2014,"89,805"
26.06.2014,"89,933"
25.06.2014,"90,356"
24.06.2014,"90,814"
23.06.2014,"90,250"
22.06.2014,"90,651"
20.06.2014,"90,468"
19.06.2014,"90,558"
18.06.2014,"87,359"
17.06.2014,"87,845"
16.06.2014,"87,693"
15.06.2014,"87,364"
13.06.2014,"87,175"
12.06.2014,"86,480"
11.06.2014,"85,742"
10.06.2014,"84,242"
09.06.2014,"83,991"
08.06.2014,"83,740"
06.06.2014,"83,706"
05.06.2014,"84,524"
04.06.2014,"84,633"
03.06.2014,"84,803"
02.06.2014,"84,392"
01.06.2014,"84,100"
30.05.2014,"84,258"
29.05.2014,"84,383"
28.05.2014,"84,821"
27.05.2014,"85,390"
26.05.2014,"86,549"
25.05.2014,"86,438"
23.05.2014,"86,524"
22.05.2014,"86,633"
21.05.2014,"87,080"
20.05.2014,"87,965"
19.05.2014,"87,183"
18.05.2014,"87,132"
16.05.2014,"87,248"
15.05.2014,"87,494"
14.05.2014,"86,937"
13.05.2014,"86,119"
12.05.2014,"86,730"
11.05.2014,"85,709"
09.05.2014,"86,070"
08.05.2014,"86,198"
07.05.2014,"86,355"
06.05.2014,"87,848"
05.05.2014,"88,537"
04.05.2014,"88,006"
02.05.2014,"87,878"
01.05.2014,"86,988"
30.04.2014,"87,727"
29.04.2014,"88,398"
28.04.2014,"88,742"
27.04.2014,"89,569"
25.04.2014,"89,400"
24.04.2014,"88,647"
23.04.2014,"88,835"
22.04.2014,"88,503"
21.04.2014,"88,450"
20.04.2014,"88,484"
17.04.2014,"88,566"
16.04.2014,"89,533"
15.04.2014,"89,772"
14.04.2014,"90,453"
13.04.2014,"90,342"
11.04.2014,"89,585"
10.04.2014,"89,501"
09.04.2014,"88,613"
08.04.2014,"88,225"
07.04.2014,"88,174"
06.04.2014,"88,641"
04.04.2014,"88,569"
03.04.2014,"88,183"
02.04.2014,"88,327"
01.04.2014,"88,014"
31.03.2014,"88,322"
30.03.2014,"90,744"
28.03.2014,"91,256"
27.03.2014,"90,846"
26.03.2014,"92,049"
25.03.2014,"93,356"
24.03.2014,"94,301"
23.03.2014,"95,813"
21.03.2014,"95,870"
20.03.2014,"95,513"
19.03.2014,"95,810"
18.03.2014,"96,727"
17.03.2014,"97,563"
16.03.2014,"99,088"
14.03.2014,"98,341"
13.03.2014,"98,687"
12.03.2014,"98,131"
11.03.2014,"97,275"
10.03.2014,"95,645"
09.03.2014,"94,909"
07.03.2014,"95,001"
06.03.2014,"94,590"
05.03.2014,"94,662"
04.03.2014,"94,769"
03.03.2014,"96,790"
02.03.2014,"95,886"
28.02.2014,"94,143"
27.02.2014,"94,712"
26.02.2014,"95,171"
25.02.2014,"95,226"
24.02.2014,"94,442"
21.02.2014,"92,431"
20.02.2014,"93,559"
19.02.2014,"93,101"
18.02.2014,"92,583"
17.02.2014,"92,901"
14.02.2014,"92,475"
13.02.2014,"91,389"
12.02.2014,"90,895"
11.02.2014,"90,949"
10.02.2014,"90,700"
07.02.2014,"90,288"
06.02.2014,"89,348"
05.02.2014,"90,465"
04.02.2014,"90,145"
03.02.2014,"92,168"
31.01.2014,"90,043"
30.01.2014,"90,648"
29.01.2014,"92,082"
28.01.2014,"88,620"
27.01.2014,"92,141"
24.01.2014,"95,322"
23.01.2014,"93,074"
22.01.2014,"89,754"
21.01.2014,"89,714"
20.01.2014,"90,289"
17.01.2014,"89,948"
16.01.2014,"88,076"
15.01.2014,"87,388"
14.01.2014,"87,312"
13.01.2014,"87,735"
10.01.2014,"86,690"
09.01.2014,"85,868"
08.01.2014,"86,039"
07.01.2014,"85,769"
06.01.2014,"86,288"
03.01.2014,"86,464"
02.01.2014,"85,331"
31.12.2013,"83,130"
30.12.2013,"81,602"
27.12.2013,"83,903"
26.12.2013,"82,672"
24.12.2013,"80,385"
23.12.2013,"80,767"
20.12.2013,"80,813"
19.12.2013,"79,109"
18.12.2013,"80,475"
17.12.2013,"80,476"
16.12.2013,"80,866"
13.12.2013,"81,071"
12.12.2013,"80,455"
11.12.2013,"82,223"
10.12.2013,"82,152"
09.12.2013,"80,914"
06.12.2013,"79,939"
05.12.2013,"80,150"
04.12.2013,"81,764"
03.12.2013,"80,285"
02.12.2013,"79,860"
29.11.2013,"81,265"
28.11.2013,"80,516"
27.11.2013,"80,508"
26.11.2013,"80,315"
25.11.2013,"80,613"
22.11.2013,"80,065"
21.11.2013,"80,527"
20.11.2013,"80,459"
19.11.2013,"82,388"
18.11.2013,"82,843"
15.11.2013,"84,050"
14.11.2013,"84,096"
13.11.2013,"84,175"
12.11.2013,"83,568"
11.11.2013,"84,099"
08.11.2013,"84,264"
07.11.2013,"85,471"
06.11.2013,"86,153"
05.11.2013,"85,518"
04.11.2013,"85,074"
01.11.2013,"85,234"
31.10.2013,"84,840"
30.10.2013,"86,006"
29.10.2013,"86,056"
28.10.2013,"86,192"
25.10.2013,"86,000"
24.10.2013,"85,587"
23.10.2013,"84,551"
22.10.2013,"84,620"
21.10.2013,"83,652"
18.10.2013,"83,100"
17.10.2013,"83,304"
16.10.2013,"81,189"
15.10.2013,"81,731"
14.10.2013,"80,835"
11.10.2013,"80,890"
10.10.2013,"81,552"
09.10.2013,"83,087"
08.10.2013,"84,228"
07.10.2013,"84,636"
04.10.2013,"83,652"
03.10.2013,"84,714"
02.10.2013,"84,281"
01.10.2013,"83,043"
30.09.2013,"86,097"
27.09.2013,"87,173"
26.09.2013,"86,006"
25.09.2013,"86,369"
24.09.2013,"84,864"
23.09.2013,"84,304"
20.09.2013,"84,323"
19.09.2013,"85,989"
18.09.2013,"85,340"
17.09.2013,"84,129"
16.09.2013,"84,435"
13.09.2013,"86,387"
12.09.2013,"86,191"
11.09.2013,"88,167"
10.09.2013,"88,190"
09.09.2013,"90,236"
06.09.2013,"91,530"
05.09.2013,"90,794"
04.09.2013,"91,642"
03.09.2013,"93,311"
02.09.2013,"90,354"
30.08.2013,"91,305"
29.08.2013,"92,129"
28.08.2013,"92,784"
27.08.2013,"92,509"
26.08.2013,"90,053"
23.08.2013,"89,225"
22.08.2013,"88,034"
21.08.2013,"86,933"
20.08.2013,"85,860"
19.08.2013,"85,774"
16.08.2013,"85,953"
15.08.2013,"84,757"
14.08.2013,"83,057"
13.08.2013,"82,029"
12.08.2013,"82,627"
09.08.2013,"81,024"
08.08.2013,"81,056"
07.08.2013,"79,857"
06.08.2013,"79,321"
05.08.2013,"80,820"
02.08.2013,"81,123"
01.08.2013,"81,794"
31.07.2013,"82,233"
30.07.2013,"81,952"
29.07.2013,"82,199"
26.07.2013,"82,472"
25.07.2013,"82,218"
24.07.2013,"81,485"
23.07.2013,"82,115"
22.07.2013,"81,985"
19.07.2013,"79,790"
18.07.2013,"79,226"
17.07.2013,"78,218"
16.07.2013,"79,686"
15.07.2013,"79,761"
12.07.2013,"80,684"
11.07.2013,"80,547"
10.07.2013,"78,895"
09.07.2013,"78,025"
08.07.2013,"77,326"
05.07.2013,"77,288"
04.07.2013,"77,963"
03.07.2013,"78,305"
02.07.2013,"77,204"
01.07.2013,"77,393"
28.06.2013,"76,446"
27.06.2013,"74,045"
26.06.2013,"76,162"
25.06.2013,"79,418"
24.06.2013,"80,110"
21.06.2013,"80,699"
20.06.2013,"79,787"
19.06.2013,"82,687"
18.06.2013,"82,840"
17.06.2013,"83,372"
14.06.2013,"82,993"
13.06.2013,"82,840"
12.06.2013,"83,622"
11.06.2013,"83,705"
10.06.2013,"84,652"
07.06.2013,"83,328"
06.06.2013,"85,825"
05.06.2013,"85,238"
04.06.2013,"84,284"
03.06.2013,"85,308"
31.05.2013,"83,587"
30.05.2013,"85,067"
29.05.2013,"83,250"
28.05.2013,"82,441"
27.05.2013,"82,602"
24.05.2013,"82,275"
23.05.2013,"82,271"
22.05.2013,"81,323"
21.05.2013,"81,422"
20.05.2013,"82,349"
17.05.2013,"80,380"
16.05.2013,"81,180"
15.05.2013,"81,494"
14.05.2013,"83,116"
13.05.2013,"83,196"
10.05.2013,"83,786"
09.05.2013,"84,165"
08.05.2013,"84,763"
07.05.2013,"83,802"
06.05.2013,"84,835"
03.05.2013,"84,734"
02.05.2013,"84,529"
01.05.2013,"83,983"
30.04.2013,"85,044"
29.04.2013,"85,119"
26.04.2013,"84,455"
25.04.2013,"84,851"
24.04.2013,"82,897"
23.04.2013,"81,912"
22.04.2013,"82,725"
19.04.2013,"81,186"
18.04.2013,"80,240"
17.04.2013,"79,634"
16.04.2013,"78,620"
15.04.2013,"77,753"
12.04.2013,"85,236"
11.04.2013,"89,495"
